mention_week;info;url;marked
16/02/2015;;;
23/02/2015;;;
02/03/2015;;;
09/03/2015;;;
16/03/2015;;;
23/03/2015;Gulf Arabs say they are defending Yemen against aggression;https://www.reuters.com/article/markets/gulf-arabs-say-they-are-defending-yemen-against-aggression-idUSL6N0WS02E/;
30/03/2015;Kenya attack: 147 dead in Garissa University assault;https://www.bbc.com/news/world-africa-32169080;
06/04/2015;Islamist groups including al Qaeda's Nusra Front seize the city of Idlib for the first time in Syria's civil war.;https://www.reuters.com/news/picture/idUSRTR4VH1C/;
13/04/2015;;;
20/04/2015;;;
27/04/2015;;;
04/05/2015;;;
11/05/2015;;;
18/05/2015;Syria crisis: 'Children died' in US air strike;https://www.bbc.com/news/world-middle-east-32840132;
25/05/2015;;;
01/06/2015;;;
08/06/2015;;;
15/06/2015;;;
22/06/2015;At Least 37 Dead After Attack On Hotel At Tunisian Beach Resort;https://www.npr.org/sections/thetwo-way/2015/06/26/417704593/19-dead-after-gunman-attacks-hotel-at-tunisian-beach-resort;
29/06/2015;Egypt prosecutor Hisham Barakat killed in Cairo attack;https://www.bbc.com/news/world-middle-east-33308518;
06/07/2015;Gaza war, a year on;https://widerimage.reuters.com/story/gaza-war-a-year-on;
13/07/2015;;;
20/07/2015;Suruc massacre: Turkey government comes under fire;https://www.bbc.com/news/world-europe-33607629;
27/07/2015;Investigation Underway Into Killing Of Cecil, Zimbabwe's Best Known Lion;https://www.npr.org/sections/parallels/2015/07/28/427167731/investigation-underway-into-killing-of-cecil-zimbabwes-best-known-lion;
03/08/2015;;;
10/08/2015;;;
17/08/2015;;;
24/08/2015;;;
31/08/2015;;;
07/09/2015;;;
14/09/2015;Hungary: Refugees stuck in ‘no-man’s land’ on border amid appalling humanitarian failure;https://www.amnesty.org/en/latest/news/2015/09/serbia-hungary-refugees-stuck-in-no-mans-land-on-border/;
21/09/2015;;;
28/09/2015;Syria conflict: The close ties behind Russia's intervention;https://www.bbc.com/news/world-middle-east-34422209;
05/10/2015;Tensions high in Israel after new attacks;https://www.dw.com/en/unrest-worsens-in-israel-as-death-toll-rises-and-further-attacks-hit-jerusalem/a-18774898;true
12/10/2015;U.N. Security Council to meet on Israeli-Palestinian violence;https://www.reuters.com/article/world/un-security-council-to-meet-on-israeli-palestinian-violence-idUSKCN0SA04F/;
19/10/2015;;;
26/10/2015;;;
02/11/2015;Russia to provide Iran with S-300 air defence missiles;https://www.bbc.com/news/world-europe-34767012;
09/11/2015;Coordinated terrorist attacks by ISIL across Paris (including the Bataclan theatre) killed 130 people, leading to a permanent shift in European security policies and border controls;https://news.un.org/en/story/2015/11/515532;true
16/11/2015;The victims of Paris;https://www.reuters.com/news/picture/the-victims-of-paris-idJPRTS77KP/;
23/11/2015;Vladimir Putin Calls Turkish Attack on Russian Fighter Plane a 'Stab in the Back';https://abcnews.go.com/International/vladimir-putin-calls-turkish-attack-russian-fighter-plane/story?id=35385995;
30/11/2015;Trump Calls For 'Total And Complete Shutdown Of Muslims Entering' U.S.;https://www.npr.org/2015/12/07/458836388/trump-calls-for-total-and-complete-shutdown-of-muslims-entering-u-s;true
07/12/2015;;;
14/12/2015;;;
21/12/2015;Afghanistan: Sangin almost entirely in Taliban hands;https://www.bbc.com/news/world-asia-35167983;
28/12/2015;;;
04/01/2016;Mexican Drug Lord 'El Chapo' Captured After Months on the Run;https://abcnews.go.com/International/el-chapo-captured-mexican-president/story?id=36170084;
11/01/2016;Jakarta attacks: Bombs and gunfire rock Indonesian capital;https://www.bbc.com/news/world-asia-35309195;
18/01/2016;Pakistan: Armed attack on Bacha Khan University a potential war crime;https://www.amnesty.org/en/latest/news/2016/01/pakistan-armed-attack-on-bacha-khan-university-a-potential-war-crime/;
25/01/2016;;;
01/02/2016;;;
08/02/2016;;;
15/02/2016;;;
22/02/2016;;;
29/02/2016;;;
07/03/2016;Tunisia says Islamic State attacked border to control town;https://www.reuters.com/article/world/tunisia-says-islamic-state-attacked-border-to-control-town-idUSKCN0WA1VT/;
14/03/2016;Man With Kalashnikov Rifle Killed in Brussels Raid Connected to Paris Attacks;https://abcnews.go.com/International/shots-fired-belgium-ongoing-search-paris-attackers/story?id=37659143;
21/03/2016;Brussels explosions: Why has Belgium's capital been attacked?;https://www.bbc.com/news/world-europe-35870957;
28/03/2016;Donald Trump on abortion - from pro-choice to pro-prison;https://www.bbc.com/news/av/world-us-canada-35912638;
04/04/2016;IS regains territory in Syria;https://www.dw.com/en/islamic-state-regains-territory-from-syrian-rebels/a-19178062;
11/04/2016;;;
18/04/2016;;;
25/04/2016;;;
02/05/2016;;;
09/05/2016;;;
16/05/2016;;;
23/05/2016;;;
30/05/2016;;;
06/06/2016;Israel boosts troops in West Bank after Tel Aviv attack;https://www.aljazeera.com/news/2016/6/10/israel-boosts-troops-in-west-bank-after-tel-aviv-attack;
13/06/2016;Orlando nightclub shooting: How the attack unfolded;https://www.bbc.com/news/world-us-canada-36511778;true
20/06/2016;Brexit: Britain votes to leave EU in historic divorce;https://www.aljazeera.com/news/2016/6/24/brexit-britain-votes-to-leave-eu-in-historic-divorce;true
27/06/2016;Bangladesh siege: Country at a crossroads as violence hits Dhaka;https://www.bbc.com/news/world-asia-36692741;true
04/07/2016;Chilcot’s verdict: the Iraq War was a failure of oversight and planning;https://theconversation.com/chilcots-verdict-the-iraq-war-was-a-failure-of-oversight-and-planning-62066#;true
11/07/2016;Turkey's President Reasserts Control After Coup Attempt Unravels;https://www.npr.org/sections/thetwo-way/2016/07/15/486211652/turkey-military-says-it-has-taken-over-control-of-the-country;true
18/07/2016;Ansbach explosion: Bomber pledged allegiance to IS;https://www.bbc.com/news/world-europe-36882831;
25/07/2016;;;
01/08/2016;Syria’s civil war: Rebels push to take all of Aleppo;https://www.aljazeera.com/news/2016/8/8/syrias-civil-war-rebels-push-to-take-all-of-aleppo;
08/08/2016;United Nations Secretary-General Ban Ki-moon condemned the “terrorist bombing” of the Civil Hospital in the Pakistani city of Quetta;https://media.un.org/avlibrary/en/asset/d168/d1688060;
15/08/2016;;;
22/08/2016;Suicide Bombing At Turkish Wedding Pinned On ISIS;https://www.npr.org/sections/thetwo-way/2016/08/22/490908579/suicide-bombing-at-turkish-wedding-carried-out-by-child-pinned-on-isis;
29/08/2016;;;
05/09/2016;France migrant crisis: Paris to open refugee camp in October;https://www.bbc.com/news/world-europe-37287321;
12/09/2016;;;
19/09/2016;;;
26/09/2016;;;
03/10/2016;;;
10/10/2016;;;
17/10/2016;How will the battle for Mosul affect Iraq?;https://www.aljazeera.com/news/2016/10/23/how-will-the-battle-for-mosul-affect-iraq;
24/10/2016;;;
31/10/2016;;;
07/11/2016;;;
14/11/2016;;;
21/11/2016;;;
28/11/2016;;;
05/12/2016;Syrian government forces press attack in east Aleppo;https://www.reuters.com/article/world/syrian-government-forces-press-attack-in-east-aleppo-idUSKBN13Y0VL/;
12/12/2016;;;
19/12/2016;At Least 12 Dead After Truck Driven Into Berlin Christmas Market, Police Say;https://www.npr.org/sections/thetwo-way/2016/12/19/506191996/truck-drives-through-christmas-market-crowd-in-germany;
26/12/2016;;;
02/01/2017;Israeli soldier convicted of manslaughter in killing of wounded Palestinian assailant;https://www.reuters.com/article/world/israeli-soldier-convicted-of-manslaughter-in-killing-of-wounded-palestinian-assa-idUSKBN14O132/;
09/01/2017;World powers jostle in Afghanistan's new 'Great Game';https://www.bbc.com/news/world-asia-38582323;
16/01/2017;Southern Border Wall: Campaign Slogan Meets Reality;https://www.npr.org/2017/01/23/511165471/southern-border-wall-campaign-slogan-meets-reality;
23/01/2017;;;
30/01/2017;Quebec mosque shooting: 'We are from this country';https://www.bbc.com/news/world-us-canada-38806123;true
06/02/2017;;;
13/02/2017;China, Russia condemn North Korea’s missile launch;https://edition.cnn.com/2017/02/12/asia/north-korea-missile-test-china;
20/02/2017;North Korea, Malaysia at Odds Over Death of Kim Jong Un's Brother;https://www.voanews.com/a/murder-probe-strains-malaysia-north-korea-ties/3731657.html;
27/02/2017;;;
06/03/2017;Malaysia And North Korea Are Heading Toward A Complete Diplomatic Breakdown;https://www.npr.org/sections/thetwo-way/2017/03/07/518987160/malaysia-and-north-korea-are-heading-toward-a-complete-diplomatic-breakdown;
13/03/2017;Orly airport attack: drugs and alcohol found in gunman's blood;https://www.theguardian.com/world/2017/mar/20/orly-airport-shooting-drugs-and-alcohol-found-in-gunmans-blood;
20/03/2017;'IS' claims responsibility for London attack;https://www.dw.com/en/islamic-state-claims-responsibility-for-london-attack/a-38088297;
27/03/2017;;;
03/04/2017;{'Neo-Nazi threats force Jewish group in Sweden to close', 'Syria war: World reaction to US missile attack'};{'https://www.bbc.com/news/world-europe-39478339','https://www.bbc.com/news/world-us-canada-39526089'};true
10/04/2017;;;
17/04/2017;Paris shooting casts shadow over final day of French election campaign;https://edition.cnn.com/2017/04/21/europe/paris-police-shooting-champs-elysees;
24/04/2017;;;
01/05/2017;;;
08/05/2017;Syria’s de-escalation zones: ‘We don’t trust Russia’;https://www.aljazeera.com/news/2017/5/9/syrias-de-escalation-zones-we-dont-trust-russia;
15/05/2017;;;
22/05/2017;{'Philippines president declares martial law as Muslim extremists lay siege to city','Egypt hits 'jihadist camps' after attack on Coptic Christians'};{'https://www.cbc.ca/news/world/philippines-siege-martial-law-duterte-1.4128876','https://www.bbc.com/news/world-middle-east-40067473'};
29/05/2017;;;
05/06/2017;Qatar blockade: Iran sends five planeloads of food;https://www.bbc.com/news/world-middle-east-40237721;
12/06/2017;;;
19/06/2017;;;
26/06/2017;;;
03/07/2017;G-20 Hamburg: Tens Of Thousands Demonstrate On Summit's Last Day;https://www.npr.org/sections/thetwo-way/2017/07/08/536159574/g20-hamburg-thousands-demonstrate-on-summits-last-day;
10/07/2017;;;
17/07/2017;Jerusalem: Israel installs security cameras near holy site;https://www.bbc.com/news/world-middle-east-40698402;true
24/07/2017;Deadly protests over Venezuela election;https://www.reuters.com/news/picture/idUSRTS19WI3/;
31/07/2017;;;
07/08/2017;What damage could North Korea do even without nuclear weapons?;https://www.bbc.com/news/world-asia-40878370;
14/08/2017;Barcelona attack: 13 killed as van rams crowds in Las Ramblas;https://www.bbc.com/news/world-europe-40965581;true
21/08/2017;"The Myanmar military launched large-scale ""clearance operations,"" forcing over 700,000 Rohingya Muslims to flee to Bangladesh";https://www.savethechildren.org/us/what-we-do/emergency-response/rohingya-crisis;true
28/08/2017;Trump rescinds Obama limits on transfer of military gear to police;https://www.reuters.com/article/world/trump-rescinds-obama-limits-on-transfer-of-military-gear-to-police-idUSKCN1B81VS/;
04/09/2017;;;
11/09/2017;;;
18/09/2017;;;
25/09/2017;;;
02/10/2017;The story not being talked about in Myanmar;https://www.bbc.com/news/world-asia-41510635;true
09/10/2017;;;
16/10/2017;;;
23/10/2017;;;
30/10/2017;;;
06/11/2017;Saudi purge demonstrates ruthlessness of crown prince;https://www.bbc.com/news/world-middle-east-41905942;
13/11/2017;Zimbabwe takeover: Navigating the media jungle;https://www.dw.com/en/zimbabwe-takeover-difficulties-of-navigating-the-media-jungle/a-41394217;
20/11/2017;Egypt detains 29 people on suspicion of espionage for Turkey;https://www.reuters.com/article/world/egypt-detains-29-people-on-suspicion-of-espionage-for-turkey-idUSKBN1DM1GH/;
27/11/2017;;;
04/12/2017;Trump Jerusalem move sparks Israeli-Palestinian clashes;https://www.bbc.com/news/world-middle-east-42265337;true
11/12/2017;;;
18/12/2017;;;
25/12/2017;;;
01/01/2018;;;
08/01/2018;;;
15/01/2018;Kosovo Serb politician Oliver Ivanovic shot dead;https://www.aljazeera.com/news/2018/1/16/kosovo-serb-politician-oliver-ivanovic-shot-dead;
22/01/2018;;;
29/01/2018;;;
05/02/2018;The demise of the Free Syrian Army;https://www.dw.com/en/free-syrian-army-turns-to-turkey-for-support-in-war-against-assad/a-42462658;true
12/02/2018;Mass shooting at Florida high school;https://www.reuters.com/news/picture/mass-shooting-at-florida-high-school-idJPRTX4WX8G/;true
19/02/2018;;;
26/02/2018;;;
05/03/2018;;;
12/03/2018;;;
19/03/2018;;;
26/03/2018;Netanyahu says Canada, Italy and Germany to take in some of Israel's African migrants;https://www.reuters.com/article/world/netanyahu-says-canada-italy-and-germany-to-take-in-some-of-israels-african-mig-idUSKCN1H918K/;true
02/04/2018;;;
09/04/2018;Strikes on Syria: what we know so far;https://www.theguardian.com/world/2018/apr/14/air-strikes-in-syria-what-we-know-so-far;true
16/04/2018;;;
23/04/2018;;;
30/04/2018;;;
07/05/2018;At least 11 dead after family of six suicide bombers attack Indonesia churches;https://www.nbcnews.com/news/world/least-2-dead-after-suicide-bomb-attacks-three-churches-indonesia-n873686;
14/05/2018;Avoid further bloodshed, UN chief urges, as Gaza violence leaves dozens dead;https://news.un.org/en/story/2018/05/1009662;true
21/05/2018;;;
28/05/2018;Arkady Babchenko: Ukraine condemned for faking journalist's murder;https://www.bbc.com/news/world-europe-44311201;
04/06/2018;;;
11/06/2018;Fighting rages around airport in Yemen port city of Hodeida;https://www.nbcnews.com/news/world/saudi-led-forces-seize-airport-yemen-port-city-hodeida-n883856;
18/06/2018;;;
25/06/2018;Mexico election: Trump and López Obrador discuss 'development deal';https://www.bbc.com/news/world-latin-america-44691497;
02/07/2018;;;
09/07/2018;;;
16/07/2018;;;
23/07/2018;Canada: Two dead, 13 wounded in Toronto mass shooting;https://www.aljazeera.com/news/2018/7/23/canada-two-dead-13-wounded-in-toronto-mass-shooting;
30/07/2018;;;
06/08/2018;;;
13/08/2018;;;
20/08/2018;;;
27/08/2018;;;
03/09/2018;;;
10/09/2018;;;
17/09/2018;;;
24/09/2018;;;
01/10/2018;Assassination of Jamal Khashoggi: The Washington Post journalist was murdered inside the Saudi consulate in Istanbul. The event redefined Western diplomatic relations with Saudi Arabia and highlighted the dangers facing the press globally;https://www.bbc.com/news/world-europe-45775819;true
08/10/2018;Khashoggi case puts Saudi crown prince under fire;https://www.dw.com/en/could-the-khashoggi-case-spell-the-end-for-saudi-crown-prince-bin-salman/a-45911217;
15/10/2018;;;
22/10/2018;;;
29/10/2018;;;
05/11/2018;;;
12/11/2018;Netanyahu survives political crisis, but Hamas emerges stronger;https://www.pbs.org/newshour/world/netanyahu-survives-political-crisis-but-hamas-emerges-stronger;true
19/11/2018;;;
26/11/2018;Ukraine president warns Russia tensions could lead to 'full-scale war';https://www.theguardian.com/world/2018/nov/27/russia-to-charge-ukrainian-sailors-as-kerch-crisis-deepens;true
03/12/2018;;;
10/12/2018;;;
17/12/2018;Iraq hints at bigger role in Syria after U.S. withdrawal;https://www.reuters.com/article/world/iraq-hints-at-bigger-role-in-syria-after-us-withdrawal-idUSKCN1OT0KC/;
24/12/2018;;;
31/12/2018;;;
07/01/2019;;;
14/01/2019;Kenya attack: 21 confirmed dead in DusitD2 hotel siege;https://www.bbc.com/news/world-africa-46888682;
21/01/2019;Venezuela crisis: What now for Maduro and his allies?;https://www.bbc.com/news/world-latin-america-46991976;
28/01/2019;;;
04/02/2019;;;
11/02/2019;"Kashmir car bomb kills 44; India demands Pakistan act against militants";https://www.reuters.com/article/world/kashmir-car-bomb-kills-44-india-demands-pakistan-act-against-militants-idUSKCN1Q31QP/;
18/02/2019;Venezuela crisis: Maduro closes border with Brazil;https://www.bbc.com/news/world-latin-america-47325201;
25/02/2019;India's air strike on Pakistan: the strategy and the risks;https://www.reuters.com/article/world/asia-pacific/indias-air-strike-on-pakistan-the-strategy-and-the-risks-idUSKCN1QF1W0/;
04/03/2019;;;
11/03/2019;The world reacts to New Zealand mosque attacks;https://www.aljazeera.com/news/2019/3/15/the-world-reacts-to-new-zealand-mosque-attacks;true
18/03/2019;;;
25/03/2019;Israel strikes Gaza after rocket hits Tel Aviv;https://www.reuters.com/news/picture/israel-strikes-gaza-after-rocket-hits-te-idUSRTS2EUFT/;true
01/04/2019;Libya fighting prompts condemnation by G7 and UN;https://www.bbc.com/news/world-africa-47835553;
08/04/2019;;;
15/04/2019;Notre-Dame fire: What the cathedral means to the French;https://www.bbc.com/news/world-europe-47942786;
22/04/2019;Deadly Easter bombings in Sri Lanka;https://www.reuters.com/news/picture/deadly-easter-bombings-in-sri-lanka-idJPRTX6SLD7/;true
29/04/2019;Venezuela crisis: The political battle and the people caught in the middle;https://www.bbc.com/news/world-latin-america-48030691;
06/05/2019;China warns US over South China Sea warships;https://www.dw.com/en/china-warns-us-after-warships-sail-in-disputed-south-china-sea/a-48614428;
13/05/2019;;;
20/05/2019;;;
27/05/2019;;;
03/06/2019;Accountability in Sudan ‘crucial’ to avoid ‘further bloodshed’, says UN rights office;https://news.un.org/en/story/2019/06/1040021;
10/06/2019;Police use rubber bullets as Hong Kong protesters vow ‘no retreat’;https://www.theguardian.com/world/2019/jun/11/hong-kong-extradition-law-protesters-rally-outside-government-offices;true
17/06/2019;Iran Revolutionary Guard shoots down U.S. drone amid tensions;https://www.pbs.org/newshour/world/iran-revolutionary-guard-shoots-down-us-drone-amid-tensions;true
24/06/2019;;;
01/07/2019;Airstrike hits Libya migrant detention center;https://www.dw.com/en/airstrike-hits-libya-migrant-detention-center/a-49450271;
08/07/2019;;;
15/07/2019;;;
22/07/2019;;;
29/07/2019;Garlic festival shooting: Three dead in Gilroy California;https://www.bbc.com/news/world-us-canada-49147369;true
05/08/2019;Walmart shooting in El Paso among deadliest gun massacres in US history;https://abcnews.go.com/US/deadliest-mass-shootings-modern-us-history/story?id=50234345;true
12/08/2019;Inside the Hong Kong protesters’ anarchic campaign against China;https://www.reuters.com/investigates/special-report/hongkong-protests-protesters/;
19/08/2019;Hong Kong police use tear gas to try to disperse protests;https://www.reuters.com/article/world/hong-kong-police-use-tear-gas-to-try-to-disperse-protests-idUSKCN1VE0A9/;
26/08/2019;;;
02/09/2019;;;
09/09/2019;Houthis’ drone and missile attacks on Saudi targets;https://www.aljazeera.com/news/2019/9/14/timeline-houthis-drone-and-missile-attacks-on-saudi-targets;
16/09/2019;Saudi Arabia oil attacks: Weapons debris 'proves Iran behind them';https://www.bbc.com/news/world-middle-east-49746645;
23/09/2019;Trump pushed Ukraine to investigate Joe Biden, transcript shows;https://edition.cnn.com/2019/09/25/politics/donald-trump-ukraine-transcript;
30/09/2019;Iraq protests: Curfew imposed in Baghdad amid widespread unrest;https://www.bbc.com/news/world-middle-east-49909774;
07/10/2019;Macron says Turkey's Syria offensive may create humanitarian crisis;https://www.reuters.com/article/world/macron-says-turkeys-syria-offensive-may-create-humanitarian-crisis-idUSKBN1WS0MG/;true
14/10/2019;Violent clashes erupt as Spanish court jails Catalonia leaders;https://www.bbc.com/news/world-europe-49974289;
21/10/2019;;;
28/10/2019;;;
04/11/2019;;;
11/11/2019;Israel kills Islamic Jihad commander, rockets rain from Gaza;https://www.reuters.com/article/world/israel-kills-islamic-jihad-commander-rockets-rain-from-gaza-idUSKBN1XM08B/;
18/11/2019;;;
25/11/2019;;;
02/12/2019;;;
09/12/2019;;;
16/12/2019;;;
23/12/2019;;;
30/12/2019;{'Alarms raised in China as pneumonia outbreak infects dozens','Qasem Soleimani: US kills top Iranian general in Baghdad air strike'};{'https://www.aljazeera.com/news/2020/1/4/alarms-raised-in-china-as-pneumonia-outbreak-infects-dozens','https://www.bbc.com/news/world-middle-east-50979463'};true
06/01/2020;Disastrous mistake': Iran acknowledges shooting down Ukrainian airliner;https://www.reuters.com/article/world/disastrous-mistake-iran-acknowledges-shooting-down-ukrainian-airliner-idUSKCN1ZA04Z/;true
13/01/2020;;;
20/01/2020;;;
27/01/2020;China's Xi says coronavirus is a 'devil';https://www.reuters.com/article/world/china-s-xi-says-coronavirus-is-a-devil-idUSB9N29D005/;
03/02/2020;65 More Coronavirus Cases On Diamond Princess Cruise Ship Stuck In Japan;https://www.npr.org/sections/goatsandsoda/2020/02/10/804440928/diamond-princess-cruise-ship-has-65-more-coronavirus-cases-in-japan;
10/02/2020;;;
17/02/2020;China's handling of coronavirus is a diplomatic challenge for WHO;https://www.theguardian.com/world/2020/feb/18/china-coronavirus-who-diplomatic-challenge;
24/02/2020;;;
02/03/2020;;;
09/03/2020;{'Coronavirus: Italy says 1,000 have died but lockdown can work','World Health Organization Declares COVID-19 a ‘Pandemic.’ Here’s What That Means'};{'https://www.bbc.com/news/world-europe-51852320','https://time.com/5791661/who-coronavirus-pandemic-declaration/'};true
16/03/2020;;;
23/03/2020;;;
30/03/2020;Death in the Holy Land - Coronavirus changes burial for Jews, Muslims;https://www.reuters.com/article/world/uk/death-in-the-holy-land-coronavirus-changes-burial-for-jews-muslims-idUSKBN21K0QD/;
06/04/2020;;;
13/04/2020;;;
20/04/2020;;;
27/04/2020;;;
04/05/2020;;;
11/05/2020;;;
18/05/2020;;;
25/05/2020;George Floyd, the man whose death sparked US unrest;https://www.bbc.com/news/world-us-canada-52871936;true
01/06/2020;US protesters take to streets defying curfews;https://www.bbc.com/news/live/world-us-canada-52876499;true
08/06/2020;;;
15/06/2020;;;
22/06/2020;;;
29/06/2020;;;
06/07/2020;;;
13/07/2020;;;
20/07/2020;China orders U.S. to close consulate in Chengdu amid rising diplomatic tensions;https://www.nbcnews.com/news/us-news/china-orders-u-s-close-consulate-chengdu-amid-rising-diplomatic-n1234786;
27/07/2020;;;
03/08/2020;Beirut Port Explosion: One of the largest non-nuclear explosions in history destroyed the port of Beirut, killing 218 and devastating Lebanon’s economy and political stability;https://abcnews.go.com/International/lebanon-desperate-reform-beirut-explosion-analysis/story?id=72231604;true
10/08/2020;Fallout Continues After Belarus' Alexander Lukashenko Wins 6th Term;https://www.npr.org/2020/08/12/901592014/fallout-continues-after-belarus-alexander-lukashenko-wins-sixth-term;
17/08/2020;;;
24/08/2020;Jacob Blake: Police officer in Kenosha shooting named;https://www.bbc.com/news/world-us-canada-53927756;
31/08/2020;;;
07/09/2020;;;
14/09/2020;;;
21/09/2020;;;
28/09/2020;Armenia, Azerbaijan declare martial law amid clashes;https://www.dw.com/en/armenia-azerbaijan-declare-martial-law-amid-heavy-clashes-in-nagorno-karabakh/a-55068321;
05/10/2020;;;
12/10/2020;;;
19/10/2020;Nigerian soldiers fire at protesters, at least two hit -witnesses;https://www.reuters.com/world/nigerian-soldiers-fire-protesters-least-two-hit-witnesses-2020-10-21/;
26/10/2020;Anti-France protests: Muslims hold rallies worldwide as tensions rise;https://www.bbc.com/news/world-54751920;
02/11/2020;What we know about the man who killed four in Vienna shooting spree;https://www.reuters.com/article/world/asia-pacific/what-we-know-about-the-man-who-killed-four-in-vienna-shooting-spree-idUSKBN27K2JC/;
09/11/2020;African Union urges ceasefire in Ethiopia;https://www.dw.com/en/ethiopia-african-union-urges-ceasefire-in-tigray-region/a-55553815;
16/11/2020;;;
23/11/2020;Iran's Mohsen Fakhrizadeh: Why was he assassinated?;https://www.bbc.com/news/world-middle-east-55118140;
30/11/2020;;;
07/12/2020;;;
14/12/2020;Nigeria school attack: Hundreds of boys return home after kidnap ordeal;https://www.bbc.com/news/world-africa-55364394;
21/12/2020;;;
28/12/2020;;;
04/01/2021;Shocking photos of the violent riot at US Capitol;https://www.dw.com/en/shocking-photos-trump-violent-riots-us-capitol-washington/a-56156578;true
11/01/2021;;;
18/01/2021;;;
25/01/2021;;;
01/02/2021;Myanmar military coup: 'Our world turned upside down overnight';https://www.bbc.com/news/world-asia-55893736;true
08/02/2021;;;
15/02/2021;;;
22/02/2021;Gunmen kill 36 in attacks in northern Nigeria;https://www.aljazeera.com/news/2021/2/25/gunmen-kill-36-in-attacks-in-northern-nigeria;
01/03/2021;;;
08/03/2021;Several Myanmar protesters reported killed;https://www.dw.com/en/myanmar-several-protesters-die-in-clashes-with-security-forces/a-56833633;
15/03/2021;;;
22/03/2021;;;
29/03/2021;;;
05/04/2021;;;
12/04/2021;Russia ‘threatening Ukraine with destruction’, Kyiv says;https://www.aljazeera.com/news/2021/4/15/russia-threatening-ukraine-with-destruction-kyiv-says;
19/04/2021;;;
26/04/2021;;;
03/05/2021;;;
10/05/2021;Israeli Strikes Kill Dozens, Topple Buildings In Gaza City;https://www.npr.org/2021/05/16/997263747/israeli-strikes-kill-dozens-topple-buildings-in-gaza-city;true
17/05/2021;Israel, Hamas agree to cease-fire to end bloody 11-day war;https://apnews.com/article/israel-palestinian-cease-fire-hamas-caac81bc36fe9be67ac2f7c27000c74b;
24/05/2021;;;
31/05/2021;;;
07/06/2021;;;
14/06/2021;;;
21/06/2021;;;
28/06/2021;;;
05/07/2021;Haiti President Jovenel Moïse Assassinated At His Port-au-Prince Home;https://www.npr.org/2021/07/07/1013691203/jovenel-moise-assassinated-at-port-au-prince-home;
12/07/2021;;;
19/07/2021;;;
26/07/2021;;;
02/08/2021;Greece fires: PM apologises as blazes rage on Evia island;https://www.bbc.com/news/world-europe-58152324;
09/08/2021;"The Taliban captured Kabul as US/NATO forces withdrew. The chaotic evacuation and the immediate restoration of the Islamic Emirate marked the definitive end of the 20-year ""War on Terror.""";https://www.pbs.org/newshour/show/the-taliban-now-control-two-thirds-of-afghanistan-how-did-it-happen-so-quickly;true
16/08/2021;;;
23/08/2021;;;
30/08/2021;;;
06/09/2021;;;
13/09/2021;;;
20/09/2021;;;
27/09/2021;;;
04/10/2021;;;
11/10/2021;;;
18/10/2021;;;
25/10/2021;From coups to crisis: What's next for Sudan?;https://www.dw.com/en/coups-cash-and-political-complexity-what-next-for-sudan/a-59585883;
01/11/2021;Hundreds join violence against women protest in Mexico;https://www.bbc.com/news/world-latin-america-59162501;
08/11/2021;;;
15/11/2021;;;
22/11/2021;;;
29/11/2021;;;
06/12/2021;;;
13/12/2021;;;
20/12/2021;;;
27/12/2021;;;
03/01/2022;Kazakhstan: Why are there riots and why are Russian troops there?;https://www.bbc.com/news/explainers-59894266;
10/01/2022;In high-stakes meeting, Russia tells U.S. it isn't planning to invade Ukraine;https://www.npr.org/2022/01/10/1071766987/u-s-russia-dicuss-ukraine-can-diplomacy-help-avoid-a-military-confrontation;
17/01/2022;;;
24/01/2022;Latest Ukraine updates: Kyiv urges Russia to pull back troops;https://www.aljazeera.com/news/2022/1/30/russia-ukraine-crisis-uk-sanctions-liveblog;
31/01/2022;;;
07/02/2022;;;
14/02/2022;Russia trying to provoke Ukraine's military to attack, Kyiv says;https://www.reuters.com/world/europe/russia-trying-provoke-ukraines-military-attack-kyiv-says-2022-02-18/;
21/02/2022;Russia launched a full-scale invasion of Ukraine. It ended the post-Cold War peace in Europe, triggered a global energy crisis, and revitalized the NATO alliance;https://www.bbc.com/news/world-europe-60504334;true
28/02/2022;Ukraine conflict: Your guide to understanding day eight;https://www.bbc.com/news/world-europe-60606539;
07/03/2022;;;
14/03/2022;;;
21/03/2022;;;
28/03/2022;;;
04/04/2022;Kyiv warns Russia planning large assault in eastern Ukraine;https://www.aljazeera.com/news/2022/4/11/russia-planning-large-assault-in-eastern-ukraine;
11/04/2022;;;
18/04/2022;;;
25/04/2022;;;
02/05/2022;;;
09/05/2022;;;
16/05/2022;;;
23/05/2022;How Uvalde, Texas, is mourning after massacre of teachers and young students;https://www.pbs.org/newshour/show/how-uvalde-texas-is-mourning-after-massacre-of-teachers-and-young-students;true
30/05/2022;;;
06/06/2022;;;
13/06/2022;;;
20/06/2022;Oslo shooting near gay bar investigated as terrorism, as Pride parade is canceled;https://edition.cnn.com/2022/06/24/europe/norway-oslo-gay-bar-shooting-intl-hnk;
27/06/2022;;;
04/07/2022;Shinzo Abe’s assassination leaves Japan undone;https://www.reuters.com/breakingviews/shinzo-abes-assassination-leaves-japan-undone-2022-07-08/;true
11/07/2022;;;
18/07/2022;;;
25/07/2022;;;
01/08/2022;"Israel pounds Gaza; Palestinians respond with rockets";https://www.aljazeera.com/news/liveblog/2022/8/5/israel-pounds-gaza-killing-10-including-pij-commander-live;
08/08/2022;;;
15/08/2022;;;
22/08/2022;;;
29/08/2022;;;
05/09/2022;;;
12/09/2022;"Death of Mahsa Amini: Her death in the custody of Iran's morality police sparked the ""Woman, Life, Freedom"" movement, the most significant challenge to the Islamic Republic's legitimacy in decades";https://www.bbc.com/news/world-middle-east-62930425;true
19/09/2022;;;
26/09/2022;;;
03/10/2022;;;
10/10/2022;;;
17/10/2022;;;
24/10/2022;;;
31/10/2022;;;
07/11/2022;;;
14/11/2022;Ukraine war: Poland says missile deaths an unfortunate incident;https://www.bbc.com/news/world-europe-63640344;
21/11/2022;;;
28/11/2022;;;
05/12/2022;;;
12/12/2022;;;
19/12/2022;;;
26/12/2022;;;
02/01/2023;;;
09/01/2023;;;
16/01/2023;;;
23/01/2023;;;
30/01/2023;;;
06/02/2023;Turkey-Syria Earthquakes: A sequence of massive earthquakes killed nearly 60,000 people. It exposed deep corruption in construction standards and altered the political trajectory of the region;https://www.theguardian.com/world/2023/feb/06/turkey-syria-earthquakes-visual-guide;true
13/02/2023;;;
20/02/2023;;;
27/02/2023;;;
06/03/2023;;;
13/03/2023;;;
20/03/2023;;;
27/03/2023;;;
03/04/2023;Jerusalem: Clashes as Israeli police enter Al-Aqsa Mosque;https://www.dw.com/en/jerusalem-clashes-as-israeli-police-enter-al-aqsa-mosque/a-65231308;true
10/04/2023;Start of Sudan War: Fighting erupted between the Sudanese Armed Forces and the RSF paramilitary. The conflict has created one of the world's largest displacement crises, largely ignored by Western media;https://www.npr.org/2023/04/16/1170289462/sudans-army-and-rsf-are-doing-battle-leaving-56-civilians-dead;true
17/04/2023;;;
24/04/2023;;;
01/05/2023;;;
08/05/2023;Israel strikes Gaza killing 13 people, including four children;https://www.aljazeera.com/news/2023/5/8/israeli-jets-hit-targets-in-gaza;
15/05/2023;;;
22/05/2023;;;
29/05/2023;;;
05/06/2023;;;
12/06/2023;;;
19/06/2023;;;
26/06/2023;;;
03/07/2023;;;
10/07/2023;;;
17/07/2023;What we know about Travis King, the U.S. soldier who crossed into North Korea;https://www.npr.org/2023/07/19/1188530348/what-we-know-about-travis-king-the-u-s-soldier-who-crossed-into-north-korea;
24/07/2023;;;
31/07/2023;;;
07/08/2023;Who was Ecuador's assassinated presidential candidate Fernando Villavicencio?;https://www.reuters.com/world/americas/who-was-ecuadors-assassinated-presidential-candidate-fernando-villavicencio-2023-08-10/;
14/08/2023;;;
21/08/2023;Death and destruction in the wake of Greece wildfires;https://www.aljazeera.com/gallery/2023/8/22/photos-death-and-destruction-due-to-wildfires-in-greece;
28/08/2023;;;
04/09/2023;;;
11/09/2023;;;
18/09/2023;;;
25/09/2023;;;
02/10/2023;Hamas blindsides Israel with most serious attack in a generation;https://www.bbc.com/news/world-middle-east-67041679;true
09/10/2023;Israelis, united in shock, rally behind war to punish Hamas;https://www.bbc.com/news/world-middle-east-67056981;true
16/10/2023;;;
23/10/2023;;;
30/10/2023;;;
06/11/2023;;;
13/11/2023;;;
20/11/2023;;;
27/11/2023;;;
04/12/2023;;;
11/12/2023;;;
18/12/2023;;;
25/12/2023;;;
01/01/2024;;;
08/01/2024;;;
15/01/2024;Iran launches missile strikes in Iraq and Syria citing security threats;https://www.aljazeera.com/news/2024/1/15/irans-revolutionary-guard-attack-anti-iranian-groups-in-iraqs-erbil;
22/01/2024;;;
29/01/2024;;;
05/02/2024;;;
12/02/2024;Russia says it has taken Ukraine's city of Avdiivka after Ukrainian troop withdrawal;https://www.abc.net.au/news/2024-02-18/russia-says-it-has-taken-ukraine-city-of-avdiivka/103481286;
19/02/2024;;;
26/02/2024;;;
04/03/2024;;;
11/03/2024;;;
18/03/2024;;;
25/03/2024;;;
01/04/2024;;;
08/04/2024;;;
15/04/2024;;;
22/04/2024;;;
29/04/2024;;;
06/05/2024;Israel says it has taken control of Gaza side of Rafah Crossing amid truce talks;https://www.reuters.com/world/middle-east/israel-says-it-has-taken-control-gaza-side-rafah-crossing-amid-truce-talks-2024-05-07/;
13/05/2024;Death of Ebrahim Raisi: The President of Iran was killed in a helicopter crash. His death scrambled the succession line for the Supreme Leader and occurred during a period of peak regional tension;https://www.aljazeera.com/news/2024/5/20/ebrahim-raisi-irans-president-dies-in-helicopter-crash-aged-63;true
20/05/2024;;;
27/05/2024;;;
03/06/2024;;;
10/06/2024;;;
17/06/2024;;;
24/06/2024;;;
01/07/2024;;;
08/07/2024;;;
15/07/2024;;;
22/07/2024;;;
29/07/2024;Hamas leader Ismail Haniyeh killed in Tehran - what we know so far;https://www.reuters.com/world/middle-east/what-we-know-so-far-about-assassination-hamas-leader-2024-07-31/;
05/08/2024;Ukraine pierces Russian border, triggering fierce clashes;https://www.reuters.com/world/europe/ukraine-keeps-up-air-attacks-russias-kursk-regional-governor-says-2024-08-07/;
12/08/2024;;;
19/08/2024;;;
26/08/2024;;;
02/09/2024;;;
09/09/2024;;;
16/09/2024;In Lebanon thousands of exploding devices trigger a nation that has been on edge for years;https://www.pbs.org/newshour/world/triggering-a-nation-that-has-been-on-edge-for-years-thousands-of-exploding-devices-in-lebanon;
23/09/2024;;;
30/09/2024;;;
07/10/2024;;;
14/10/2024;Hamas leader Sinwar killed by Israeli troops in Gaza, Netanyahu says war will go on;https://www.reuters.com/world/middle-east/16-dead-israeli-strike-lebanese-municipality-building-2024-10-16/;
21/10/2024;;;
28/10/2024;;;
04/11/2024;How Trump won a second term as president in 2024;https://www.npr.org/2024/11/06/g-s1-33007/how-trump-won-policies;
11/11/2024;;;
18/11/2024;;;
25/11/2024;Israel-Hezbollah ceasefire begins after year of conflict;https://www.bbc.com/news/articles/c0mze4pzdnlo;
02/12/2024;South Korean Martial Law Decree: President Yoon Suk Yeol declared martial law in a late-night address, which was immediately blocked by parliament.;https://www.csis.org/analysis/yoon-declares-martial-law-south-korea;true
09/12/2024;Fall of the Assad Regime: In a lightning offensive, rebel forces (led by HTS) captured Damascus, forcing Bashar al-Assad to flee to Russia;https://www.aljazeera.com/news/2024/12/8/what-happened-in-syria-has-al-assad-really-fallen;true
16/12/2024;;;
23/12/2024;;;
30/12/2024;;;
06/01/2025;;;
13/01/2025;Hamas releases first Israeli hostages after Gaza ceasefire takes effect;https://www.bbc.com/news/articles/cvgpe1pmyq5o;
20/01/2025;;;
27/01/2025;;;
03/02/2025;;;
10/02/2025;;;
17/02/2025;;;
24/02/2025;;;
03/03/2025;Russia is advancing in Kursk, threatening Ukraine’s sole territorial bargaining counter;https://edition.cnn.com/2025/03/09/europe/russia-advances-kursk-ukraine-intl;
10/03/2025;Everything is finished': Ukrainian troops relive retreat from Kursk;https://www.bbc.com/news/articles/c0q198zyppqo;
17/03/2025;;;
24/03/2025;;;
31/03/2025;South Korea's president has been removed from power;https://www.bbc.com/news/articles/cz01mjv0v0go;true
07/04/2025;;;
14/04/2025;;;
21/04/2025;Pope Francis has died on Easter Monday aged 88;https://www.vaticannews.va/en/pope/news/2025-04/pope-francis-dies-on-easter-monday-aged-88.html;true
28/04/2025;;;
05/05/2025;After India’s missile strikes on Pakistan, the risk of accidental escalation is high;https://www.chathamhouse.org/2025/05/after-indias-missile-strikes-pakistan-risk-accidental-escalation-high;true
12/05/2025;;;
19/05/2025;;;
26/05/2025;;;
02/06/2025;;;
09/06/2025;Operation Rising Lion: Iran is reeling from Israel's unprecedented attack - and it is only the start;https://www.bbc.com/news/articles/cvg72ny4xeyo;
16/06/2025;NO DATA AVAILABLE DUE TO MULTIPLE GDELT INFRACTRUCTURE OUTAGES;https://www.linkedin.com/posts/kalevleetaru_we-are-aware-of-multiple-gdelt-infrastructure-activity-7340435180601393154-_SDg?utm_source=share&utm_medium=member_desktop&rcm=ACoAAAc4QiwBYONEgN7X9iMP7pHAcWq2wWjGsqM;
23/06/2025;NO DATA AVAILABLE DUE TO MULTIPLE GDELT INFRACTRUCTURE OUTAGES;https://www.linkedin.com/posts/kalevleetaru_we-are-aware-of-multiple-gdelt-infrastructure-activity-7340435180601393154-_SDg?utm_source=share&utm_medium=member_desktop&rcm=ACoAAAc4QiwBYONEgN7X9iMP7pHAcWq2wWjGsqM;
30/06/2025;;;
07/07/2025;;;
14/07/2025;;;
21/07/2025;;;
28/07/2025;;;
04/08/2025;;;
11/08/2025;;;
18/08/2025;;;
25/08/2025;;;
01/09/2025;;;
08/09/2025;Nepal Gen Z protests amid social media ban, clashes kill 19: All to know;https://www.aljazeera.com/news/2025/9/8/six-killed-in-nepal-amid-gen-z-protests-after-social-media-ban-all-to-know;
15/09/2025;;;
22/09/2025;;;
29/09/2025;;;
06/10/2025;Trump's 20-point Gaza peace plan in full;https://www.bbc.com/news/articles/c70155nked7o;
13/10/2025;;;
20/10/2025;;;
27/10/2025;;;
03/11/2025;;;
10/11/2025;;;
17/11/2025;Gunmen seize more than 200 children from Nigeria Catholic school;https://www.aljazeera.com/news/2025/11/21/students-taken-from-catholic-school-in-central-nigeria-in-latest-abduction;
24/11/2025;;;
01/12/2025;;;
08/12/2025;;;
15/12/2025;Tracking build-up of US military planes and warships near Venezuela;https://www.bbc.com/news/articles/c7810w37vwdo;true
22/12/2025;;;
29/12/2025;Maduro in US custody;https://edition.cnn.com/world/live-news/venezuela-explosions-caracas-intl-hnk-01-03-26;true
05/01/2026;;;
12/01/2026;;;
