mention_week,info,url,marked
2015-02-16,,,
2015-02-23,,,
2015-03-02,,,
2015-03-09,,,
2015-03-16,,,
2015-03-23,Gulf Arabs say they are defending Yemen against aggression,https://www.reuters.com/article/markets/gulf-arabs-say-they-are-defending-yemen-against-aggression-idUSL6N0WS02E/,
2015-03-30,Kenya attack: 147 dead in Garissa University assault,https://www.bbc.com/news/world-africa-32169080,
2015-04-06,Islamist groups including al Qaeda's Nusra Front seize the city of Idlib for the first time in Syria's civil war.,https://www.reuters.com/news/picture/idUSRTR4VH1C/,
2015-04-13,,,
2015-04-20,,,
2015-04-27,,,
2015-05-04,,,
2015-05-11,,,
2015-05-18,Syria crisis: 'Children died' in US air strike,https://www.bbc.com/news/world-middle-east-32840132,
2015-05-25,,,
2015-06-01,,,
2015-06-08,,,
2015-06-15,,,
2015-06-22,At Least 37 Dead After Attack On Hotel At Tunisian Beach Resort,https://www.npr.org/sections/thetwo-way/2015/06/26/417704593/19-dead-after-gunman-attacks-hotel-at-tunisian-beach-resort,
2015-06-29,Egypt prosecutor Hisham Barakat killed in Cairo attack,https://www.bbc.com/news/world-middle-east-33308518,
2015-07-06,"Gaza war, a year on",https://widerimage.reuters.com/story/gaza-war-a-year-on,
2015-07-13,,,
2015-07-20,Suruc massacre: Turkey government comes under fire,https://www.bbc.com/news/world-europe-33607629,
2015-07-27,"Investigation Underway Into Killing Of Cecil, Zimbabwe's Best Known Lion",https://www.npr.org/sections/parallels/2015/07/28/427167731/investigation-underway-into-killing-of-cecil-zimbabwes-best-known-lion,
2015-08-03,,,
2015-08-10,,,
2015-08-17,,,
2015-08-24,,,
2015-08-31,,,
2015-09-07,,,
2015-09-14,Hungary: Refugees stuck in ‘no-man’s land’ on border amid appalling humanitarian failure,https://www.amnesty.org/en/latest/news/2015/09/serbia-hungary-refugees-stuck-in-no-mans-land-on-border/,
2015-09-21,,,
2015-09-28,Syria conflict: The close ties behind Russia's intervention,https://www.bbc.com/news/world-middle-east-34422209,
2015-10-05,Tensions high in Israel after new attacks,https://www.dw.com/en/unrest-worsens-in-israel-as-death-toll-rises-and-further-attacks-hit-jerusalem/a-18774898,True
2015-10-12,U.N. Security Council to meet on Israeli-Palestinian violence,https://www.reuters.com/article/world/un-security-council-to-meet-on-israeli-palestinian-violence-idUSKCN0SA04F/,
2015-10-19,,,
2015-10-26,,,
2015-11-02,Russia to provide Iran with S-300 air defence missiles,https://www.bbc.com/news/world-europe-34767012,
2015-11-09,"Coordinated terrorist attacks by ISIL across Paris (including the Bataclan theatre) killed 130 people, leading to a permanent shift in European security policies and border controls",https://news.un.org/en/story/2015/11/515532,True
2015-11-16,The victims of Paris,https://www.reuters.com/news/picture/the-victims-of-paris-idJPRTS77KP/,
2015-11-23,Vladimir Putin Calls Turkish Attack on Russian Fighter Plane a 'Stab in the Back',https://abcnews.go.com/International/vladimir-putin-calls-turkish-attack-russian-fighter-plane/story?id=35385995,
2015-11-30,Trump Calls For 'Total And Complete Shutdown Of Muslims Entering' U.S.,https://www.npr.org/2015/12/07/458836388/trump-calls-for-total-and-complete-shutdown-of-muslims-entering-u-s,True
2015-12-07,,,
2015-12-14,,,
2015-12-21,Afghanistan: Sangin almost entirely in Taliban hands,https://www.bbc.com/news/world-asia-35167983,
2015-12-28,,,
2016-01-04,Mexican Drug Lord 'El Chapo' Captured After Months on the Run,https://abcnews.go.com/International/el-chapo-captured-mexican-president/story?id=36170084,
2016-01-11,Jakarta attacks: Bombs and gunfire rock Indonesian capital,https://www.bbc.com/news/world-asia-35309195,
2016-01-18,Pakistan: Armed attack on Bacha Khan University a potential war crime,https://www.amnesty.org/en/latest/news/2016/01/pakistan-armed-attack-on-bacha-khan-university-a-potential-war-crime/,
2016-01-25,,,
2016-02-01,,,
2016-02-08,,,
2016-02-15,,,
2016-02-22,,,
2016-02-29,,,
2016-03-07,Tunisia says Islamic State attacked border to control town,https://www.reuters.com/article/world/tunisia-says-islamic-state-attacked-border-to-control-town-idUSKCN0WA1VT/,
2016-03-14,Man With Kalashnikov Rifle Killed in Brussels Raid Connected to Paris Attacks,https://abcnews.go.com/International/shots-fired-belgium-ongoing-search-paris-attackers/story?id=37659143,
2016-03-21,Brussels explosions: Why has Belgium's capital been attacked?,https://www.bbc.com/news/world-europe-35870957,
2016-03-28,Donald Trump on abortion - from pro-choice to pro-prison,https://www.bbc.com/news/av/world-us-canada-35912638,
2016-04-04,IS regains territory in Syria,https://www.dw.com/en/islamic-state-regains-territory-from-syrian-rebels/a-19178062,
2016-04-11,,,
2016-04-18,,,
2016-04-25,,,
2016-05-02,,,
2016-05-09,,,
2016-05-16,,,
2016-05-23,,,
2016-05-30,,,
2016-06-06,Israel boosts troops in West Bank after Tel Aviv attack,https://www.aljazeera.com/news/2016/6/10/israel-boosts-troops-in-west-bank-after-tel-aviv-attack,
2016-06-13,Orlando nightclub shooting: How the attack unfolded,https://www.bbc.com/news/world-us-canada-36511778,True
2016-06-20,Brexit: Britain votes to leave EU in historic divorce,https://www.aljazeera.com/news/2016/6/24/brexit-britain-votes-to-leave-eu-in-historic-divorce,True
2016-06-27,Bangladesh siege: Country at a crossroads as violence hits Dhaka,https://www.bbc.com/news/world-asia-36692741,True
2016-07-04,Chilcot’s verdict: the Iraq War was a failure of oversight and planning,https://theconversation.com/chilcots-verdict-the-iraq-war-was-a-failure-of-oversight-and-planning-62066#,True
2016-07-11,Turkey's President Reasserts Control After Coup Attempt Unravels,https://www.npr.org/sections/thetwo-way/2016/07/15/486211652/turkey-military-says-it-has-taken-over-control-of-the-country,True
2016-07-18,Ansbach explosion: Bomber pledged allegiance to IS,https://www.bbc.com/news/world-europe-36882831,
2016-07-25,,,
2016-08-01,Syria’s civil war: Rebels push to take all of Aleppo,https://www.aljazeera.com/news/2016/8/8/syrias-civil-war-rebels-push-to-take-all-of-aleppo,
2016-08-08,United Nations Secretary-General Ban Ki-moon condemned the “terrorist bombing” of the Civil Hospital in the Pakistani city of Quetta,https://media.un.org/avlibrary/en/asset/d168/d1688060,
2016-08-15,,,
2016-08-22,Suicide Bombing At Turkish Wedding Pinned On ISIS,https://www.npr.org/sections/thetwo-way/2016/08/22/490908579/suicide-bombing-at-turkish-wedding-carried-out-by-child-pinned-on-isis,
2016-08-29,,,
2016-09-05,France migrant crisis: Paris to open refugee camp in October,https://www.bbc.com/news/world-europe-37287321,
2016-09-12,,,
2016-09-19,,,
2016-09-26,,,
2016-10-03,,,
2016-10-10,,,
2016-10-17,How will the battle for Mosul affect Iraq?,https://www.aljazeera.com/news/2016/10/23/how-will-the-battle-for-mosul-affect-iraq,
2016-10-24,,,
2016-10-31,,,
2016-11-07,,,
2016-11-14,,,
2016-11-21,,,
2016-11-28,,,
2016-12-05,Syrian government forces press attack in east Aleppo,https://www.reuters.com/article/world/syrian-government-forces-press-attack-in-east-aleppo-idUSKBN13Y0VL/,
2016-12-12,,,
2016-12-19,"At Least 12 Dead After Truck Driven Into Berlin Christmas Market, Police Say",https://www.npr.org/sections/thetwo-way/2016/12/19/506191996/truck-drives-through-christmas-market-crowd-in-germany,
2016-12-26,,,
2017-01-02,Israeli soldier convicted of manslaughter in killing of wounded Palestinian assailant,https://www.reuters.com/article/world/israeli-soldier-convicted-of-manslaughter-in-killing-of-wounded-palestinian-assa-idUSKBN14O132/,
2017-01-09,World powers jostle in Afghanistan's new 'Great Game',https://www.bbc.com/news/world-asia-38582323,
2017-01-16,Southern Border Wall: Campaign Slogan Meets Reality,https://www.npr.org/2017/01/23/511165471/southern-border-wall-campaign-slogan-meets-reality,
2017-01-23,,,
2017-01-30,Quebec mosque shooting: 'We are from this country',https://www.bbc.com/news/world-us-canada-38806123,True
2017-02-06,,,
2017-02-13,"China, Russia condemn North Korea’s missile launch",https://edition.cnn.com/2017/02/12/asia/north-korea-missile-test-china,
2017-02-20,"North Korea, Malaysia at Odds Over Death of Kim Jong Un's Brother",https://www.voanews.com/a/murder-probe-strains-malaysia-north-korea-ties/3731657.html,
2017-02-27,,,
2017-03-06,Malaysia And North Korea Are Heading Toward A Complete Diplomatic Breakdown,https://www.npr.org/sections/thetwo-way/2017/03/07/518987160/malaysia-and-north-korea-are-heading-toward-a-complete-diplomatic-breakdown,
2017-03-13,Orly airport attack: drugs and alcohol found in gunman's blood,https://www.theguardian.com/world/2017/mar/20/orly-airport-shooting-drugs-and-alcohol-found-in-gunmans-blood,
2017-03-20,'IS' claims responsibility for London attack,https://www.dw.com/en/islamic-state-claims-responsibility-for-london-attack/a-38088297,
2017-03-27,,,
2017-04-03,"{'Neo-Nazi threats force Jewish group in Sweden to close', 'Syria war: World reaction to US missile attack'}","{'https://www.bbc.com/news/world-europe-39478339','https://www.bbc.com/news/world-us-canada-39526089'}",True
2017-04-10,,,
2017-04-17,Paris shooting casts shadow over final day of French election campaign,https://edition.cnn.com/2017/04/21/europe/paris-police-shooting-champs-elysees,
2017-04-24,,,
2017-05-01,,,
2017-05-08,Syria’s de-escalation zones: ‘We don’t trust Russia’,https://www.aljazeera.com/news/2017/5/9/syrias-de-escalation-zones-we-dont-trust-russia,
2017-05-15,,,
2017-05-22,"{'Philippines president declares martial law as Muslim extremists lay siege to city','Egypt hits 'jihadist camps' after attack on Coptic Christians'}","{'https://www.cbc.ca/news/world/philippines-siege-martial-law-duterte-1.4128876','https://www.bbc.com/news/world-middle-east-40067473'}",
2017-05-29,,,
2017-06-05,Qatar blockade: Iran sends five planeloads of food,https://www.bbc.com/news/world-middle-east-40237721,
2017-06-12,,,
2017-06-19,,,
2017-06-26,,,
2017-07-03,G-20 Hamburg: Tens Of Thousands Demonstrate On Summit's Last Day,https://www.npr.org/sections/thetwo-way/2017/07/08/536159574/g20-hamburg-thousands-demonstrate-on-summits-last-day,
2017-07-10,,,
2017-07-17,Jerusalem: Israel installs security cameras near holy site,https://www.bbc.com/news/world-middle-east-40698402,True
2017-07-24,Deadly protests over Venezuela election,https://www.reuters.com/news/picture/idUSRTS19WI3/,
2017-07-31,,,
2017-08-07,What damage could North Korea do even without nuclear weapons?,https://www.bbc.com/news/world-asia-40878370,
2017-08-14,Barcelona attack: 13 killed as van rams crowds in Las Ramblas,https://www.bbc.com/news/world-europe-40965581,True
2017-08-21,"The Myanmar military launched large-scale ""clearance operations,"" forcing over 700,000 Rohingya Muslims to flee to Bangladesh",https://www.savethechildren.org/us/what-we-do/emergency-response/rohingya-crisis,True
2017-08-28,Trump rescinds Obama limits on transfer of military gear to police,https://www.reuters.com/article/world/trump-rescinds-obama-limits-on-transfer-of-military-gear-to-police-idUSKCN1B81VS/,
2017-09-04,,,
2017-09-11,,,
2017-09-18,,,
2017-09-25,,,
2017-10-02,The story not being talked about in Myanmar,https://www.bbc.com/news/world-asia-41510635,True
2017-10-09,,,
2017-10-16,,,
2017-10-23,,,
2017-10-30,,,
2017-11-06,Saudi purge demonstrates ruthlessness of crown prince,https://www.bbc.com/news/world-middle-east-41905942,
2017-11-13,Zimbabwe takeover: Navigating the media jungle,https://www.dw.com/en/zimbabwe-takeover-difficulties-of-navigating-the-media-jungle/a-41394217,
2017-11-20,Egypt detains 29 people on suspicion of espionage for Turkey,https://www.reuters.com/article/world/egypt-detains-29-people-on-suspicion-of-espionage-for-turkey-idUSKBN1DM1GH/,
2017-11-27,,,
2017-12-04,Trump Jerusalem move sparks Israeli-Palestinian clashes,https://www.bbc.com/news/world-middle-east-42265337,True
2017-12-11,,,
2017-12-18,,,
2017-12-25,,,
2018-01-01,,,
2018-01-08,,,
2018-01-15,Kosovo Serb politician Oliver Ivanovic shot dead,https://www.aljazeera.com/news/2018/1/16/kosovo-serb-politician-oliver-ivanovic-shot-dead,
2018-01-22,,,
2018-01-29,,,
2018-02-05,The demise of the Free Syrian Army,https://www.dw.com/en/free-syrian-army-turns-to-turkey-for-support-in-war-against-assad/a-42462658,True
2018-02-12,Mass shooting at Florida high school,https://www.reuters.com/news/picture/mass-shooting-at-florida-high-school-idJPRTX4WX8G/,True
2018-02-19,,,
2018-02-26,,,
2018-03-05,,,
2018-03-12,,,
2018-03-19,,,
2018-03-26,"Netanyahu says Canada, Italy and Germany to take in some of Israel's African migrants",https://www.reuters.com/article/world/netanyahu-says-canada-italy-and-germany-to-take-in-some-of-israels-african-mig-idUSKCN1H918K/,True
2018-04-02,,,
2018-04-09,Strikes on Syria: what we know so far,https://www.theguardian.com/world/2018/apr/14/air-strikes-in-syria-what-we-know-so-far,True
2018-04-16,,,
2018-04-23,,,
2018-04-30,,,
2018-05-07,At least 11 dead after family of six suicide bombers attack Indonesia churches,https://www.nbcnews.com/news/world/least-2-dead-after-suicide-bomb-attacks-three-churches-indonesia-n873686,
2018-05-14,"Avoid further bloodshed, UN chief urges, as Gaza violence leaves dozens dead",https://news.un.org/en/story/2018/05/1009662,True
2018-05-21,,,
2018-05-28,Arkady Babchenko: Ukraine condemned for faking journalist's murder,https://www.bbc.com/news/world-europe-44311201,
2018-06-04,,,
2018-06-11,Fighting rages around airport in Yemen port city of Hodeida,https://www.nbcnews.com/news/world/saudi-led-forces-seize-airport-yemen-port-city-hodeida-n883856,
2018-06-18,,,
2018-06-25,Mexico election: Trump and López Obrador discuss 'development deal',https://www.bbc.com/news/world-latin-america-44691497,
2018-07-02,,,
2018-07-09,,,
2018-07-16,,,
2018-07-23,"Canada: Two dead, 13 wounded in Toronto mass shooting",https://www.aljazeera.com/news/2018/7/23/canada-two-dead-13-wounded-in-toronto-mass-shooting,
2018-07-30,,,
2018-08-06,,,
2018-08-13,,,
2018-08-20,,,
2018-08-27,,,
2018-09-03,,,
2018-09-10,,,
2018-09-17,,,
2018-09-24,,,
2018-10-01,Assassination of Jamal Khashoggi: The Washington Post journalist was murdered inside the Saudi consulate in Istanbul. The event redefined Western diplomatic relations with Saudi Arabia and highlighted the dangers facing the press globally,https://www.bbc.com/news/world-europe-45775819,True
2018-10-08,Khashoggi case puts Saudi crown prince under fire,https://www.dw.com/en/could-the-khashoggi-case-spell-the-end-for-saudi-crown-prince-bin-salman/a-45911217,
2018-10-15,,,
2018-10-22,,,
2018-10-29,,,
2018-11-05,,,
2018-11-12,"Netanyahu survives political crisis, but Hamas emerges stronger",https://www.pbs.org/newshour/world/netanyahu-survives-political-crisis-but-hamas-emerges-stronger,True
2018-11-19,,,
2018-11-26,Ukraine president warns Russia tensions could lead to 'full-scale war',https://www.theguardian.com/world/2018/nov/27/russia-to-charge-ukrainian-sailors-as-kerch-crisis-deepens,True
2018-12-03,,,
2018-12-10,,,
2018-12-17,Iraq hints at bigger role in Syria after U.S. withdrawal,https://www.reuters.com/article/world/iraq-hints-at-bigger-role-in-syria-after-us-withdrawal-idUSKCN1OT0KC/,
2018-12-24,,,
2018-12-31,,,
2019-01-07,,,
2019-01-14,Kenya attack: 21 confirmed dead in DusitD2 hotel siege,https://www.bbc.com/news/world-africa-46888682,
2019-01-21,Venezuela crisis: What now for Maduro and his allies?,https://www.bbc.com/news/world-latin-america-46991976,
2019-01-28,,,
2019-02-04,,,
2019-02-11,Kashmir car bomb kills 44; India demands Pakistan act against militants,https://www.reuters.com/article/world/kashmir-car-bomb-kills-44-india-demands-pakistan-act-against-militants-idUSKCN1Q31QP/,
2019-02-18,Venezuela crisis: Maduro closes border with Brazil,https://www.bbc.com/news/world-latin-america-47325201,
2019-02-25,India's air strike on Pakistan: the strategy and the risks,https://www.reuters.com/article/world/asia-pacific/indias-air-strike-on-pakistan-the-strategy-and-the-risks-idUSKCN1QF1W0/,
2019-03-04,,,
2019-03-11,The world reacts to New Zealand mosque attacks,https://www.aljazeera.com/news/2019/3/15/the-world-reacts-to-new-zealand-mosque-attacks,True
2019-03-18,,,
2019-03-25,Israel strikes Gaza after rocket hits Tel Aviv,https://www.reuters.com/news/picture/israel-strikes-gaza-after-rocket-hits-te-idUSRTS2EUFT/,True
2019-04-01,Libya fighting prompts condemnation by G7 and UN,https://www.bbc.com/news/world-africa-47835553,
2019-04-08,,,
2019-04-15,Notre-Dame fire: What the cathedral means to the French,https://www.bbc.com/news/world-europe-47942786,
2019-04-22,Deadly Easter bombings in Sri Lanka,https://www.reuters.com/news/picture/deadly-easter-bombings-in-sri-lanka-idJPRTX6SLD7/,True
2019-04-29,Venezuela crisis: The political battle and the people caught in the middle,https://www.bbc.com/news/world-latin-america-48030691,
2019-05-06,China warns US over South China Sea warships,https://www.dw.com/en/china-warns-us-after-warships-sail-in-disputed-south-china-sea/a-48614428,
2019-05-13,,,
2019-05-20,,,
2019-05-27,,,
2019-06-03,"Accountability in Sudan ‘crucial’ to avoid ‘further bloodshed’, says UN rights office",https://news.un.org/en/story/2019/06/1040021,
2019-06-10,Police use rubber bullets as Hong Kong protesters vow ‘no retreat’,https://www.theguardian.com/world/2019/jun/11/hong-kong-extradition-law-protesters-rally-outside-government-offices,True
2019-06-17,Iran Revolutionary Guard shoots down U.S. drone amid tensions,https://www.pbs.org/newshour/world/iran-revolutionary-guard-shoots-down-us-drone-amid-tensions,True
2019-06-24,,,
2019-07-01,Airstrike hits Libya migrant detention center,https://www.dw.com/en/airstrike-hits-libya-migrant-detention-center/a-49450271,
2019-07-08,,,
2019-07-15,,,
2019-07-22,,,
2019-07-29,Garlic festival shooting: Three dead in Gilroy California,https://www.bbc.com/news/world-us-canada-49147369,True
2019-08-05,Walmart shooting in El Paso among deadliest gun massacres in US history,https://abcnews.go.com/US/deadliest-mass-shootings-modern-us-history/story?id=50234345,True
2019-08-12,Inside the Hong Kong protesters’ anarchic campaign against China,https://www.reuters.com/investigates/special-report/hongkong-protests-protesters/,
2019-08-19,Hong Kong police use tear gas to try to disperse protests,https://www.reuters.com/article/world/hong-kong-police-use-tear-gas-to-try-to-disperse-protests-idUSKCN1VE0A9/,
2019-08-26,,,
2019-09-02,,,
2019-09-09,Houthis’ drone and missile attacks on Saudi targets,https://www.aljazeera.com/news/2019/9/14/timeline-houthis-drone-and-missile-attacks-on-saudi-targets,
2019-09-16,Saudi Arabia oil attacks: Weapons debris 'proves Iran behind them',https://www.bbc.com/news/world-middle-east-49746645,
2019-09-23,"Trump pushed Ukraine to investigate Joe Biden, transcript shows",https://edition.cnn.com/2019/09/25/politics/donald-trump-ukraine-transcript,
2019-09-30,Iraq protests: Curfew imposed in Baghdad amid widespread unrest,https://www.bbc.com/news/world-middle-east-49909774,
2019-10-07,Macron says Turkey's Syria offensive may create humanitarian crisis,https://www.reuters.com/article/world/macron-says-turkeys-syria-offensive-may-create-humanitarian-crisis-idUSKBN1WS0MG/,True
2019-10-14,Violent clashes erupt as Spanish court jails Catalonia leaders,https://www.bbc.com/news/world-europe-49974289,
2019-10-21,,,
2019-10-28,,,
2019-11-04,,,
2019-11-11,"Israel kills Islamic Jihad commander, rockets rain from Gaza",https://www.reuters.com/article/world/israel-kills-islamic-jihad-commander-rockets-rain-from-gaza-idUSKBN1XM08B/,
2019-11-18,,,
2019-11-25,,,
2019-12-02,,,
2019-12-09,,,
2019-12-16,,,
2019-12-23,,,
2019-12-30,"{'Alarms raised in China as pneumonia outbreak infects dozens','Qasem Soleimani: US kills top Iranian general in Baghdad air strike'}","{'https://www.aljazeera.com/news/2020/1/4/alarms-raised-in-china-as-pneumonia-outbreak-infects-dozens','https://www.bbc.com/news/world-middle-east-50979463'}",True
2020-01-06,Disastrous mistake': Iran acknowledges shooting down Ukrainian airliner,https://www.reuters.com/article/world/disastrous-mistake-iran-acknowledges-shooting-down-ukrainian-airliner-idUSKCN1ZA04Z/,True
2020-01-13,,,
2020-01-20,,,
2020-01-27,China's Xi says coronavirus is a 'devil',https://www.reuters.com/article/world/china-s-xi-says-coronavirus-is-a-devil-idUSB9N29D005/,
2020-02-03,65 More Coronavirus Cases On Diamond Princess Cruise Ship Stuck In Japan,https://www.npr.org/sections/goatsandsoda/2020/02/10/804440928/diamond-princess-cruise-ship-has-65-more-coronavirus-cases-in-japan,
2020-02-10,,,
2020-02-17,China's handling of coronavirus is a diplomatic challenge for WHO,https://www.theguardian.com/world/2020/feb/18/china-coronavirus-who-diplomatic-challenge,
2020-02-24,,,
2020-03-02,,,
2020-03-09,"{'Coronavirus: Italy says 1,000 have died but lockdown can work','World Health Organization Declares COVID-19 a ‘Pandemic.’ Here’s What That Means'}","{'https://www.bbc.com/news/world-europe-51852320','https://time.com/5791661/who-coronavirus-pandemic-declaration/'}",True
2020-03-16,,,
2020-03-23,,,
2020-03-30,"Death in the Holy Land - Coronavirus changes burial for Jews, Muslims",https://www.reuters.com/article/world/uk/death-in-the-holy-land-coronavirus-changes-burial-for-jews-muslims-idUSKBN21K0QD/,
2020-04-06,,,
2020-04-13,,,
2020-04-20,,,
2020-04-27,,,
2020-05-04,,,
2020-05-11,,,
2020-05-18,,,
2020-05-25,"George Floyd, the man whose death sparked US unrest",https://www.bbc.com/news/world-us-canada-52871936,True
2020-06-01,US protesters take to streets defying curfews,https://www.bbc.com/news/live/world-us-canada-52876499,True
2020-06-08,,,
2020-06-15,,,
2020-06-22,,,
2020-06-29,,,
2020-07-06,,,
2020-07-13,,,
2020-07-20,China orders U.S. to close consulate in Chengdu amid rising diplomatic tensions,https://www.nbcnews.com/news/us-news/china-orders-u-s-close-consulate-chengdu-amid-rising-diplomatic-n1234786,
2020-07-27,,,
2020-08-03,"Beirut Port Explosion: One of the largest non-nuclear explosions in history destroyed the port of Beirut, killing 218 and devastating Lebanon’s economy and political stability",https://abcnews.go.com/International/lebanon-desperate-reform-beirut-explosion-analysis/story?id=72231604,True
2020-08-10,Fallout Continues After Belarus' Alexander Lukashenko Wins 6th Term,https://www.npr.org/2020/08/12/901592014/fallout-continues-after-belarus-alexander-lukashenko-wins-sixth-term,
2020-08-17,,,
2020-08-24,Jacob Blake: Police officer in Kenosha shooting named,https://www.bbc.com/news/world-us-canada-53927756,
2020-08-31,,,
2020-09-07,,,
2020-09-14,,,
2020-09-21,,,
2020-09-28,"Armenia, Azerbaijan declare martial law amid clashes",https://www.dw.com/en/armenia-azerbaijan-declare-martial-law-amid-heavy-clashes-in-nagorno-karabakh/a-55068321,
2020-10-05,,,
2020-10-12,,,
2020-10-19,"Nigerian soldiers fire at protesters, at least two hit -witnesses",https://www.reuters.com/world/nigerian-soldiers-fire-protesters-least-two-hit-witnesses-2020-10-21/,
2020-10-26,Anti-France protests: Muslims hold rallies worldwide as tensions rise,https://www.bbc.com/news/world-54751920,
2020-11-02,What we know about the man who killed four in Vienna shooting spree,https://www.reuters.com/article/world/asia-pacific/what-we-know-about-the-man-who-killed-four-in-vienna-shooting-spree-idUSKBN27K2JC/,
2020-11-09,African Union urges ceasefire in Ethiopia,https://www.dw.com/en/ethiopia-african-union-urges-ceasefire-in-tigray-region/a-55553815,
2020-11-16,,,
2020-11-23,Iran's Mohsen Fakhrizadeh: Why was he assassinated?,https://www.bbc.com/news/world-middle-east-55118140,
2020-11-30,,,
2020-12-07,,,
2020-12-14,Nigeria school attack: Hundreds of boys return home after kidnap ordeal,https://www.bbc.com/news/world-africa-55364394,
2020-12-21,,,
2020-12-28,,,
2021-01-04,Shocking photos of the violent riot at US Capitol,https://www.dw.com/en/shocking-photos-trump-violent-riots-us-capitol-washington/a-56156578,True
2021-01-11,,,
2021-01-18,,,
2021-01-25,,,
2021-02-01,Myanmar military coup: 'Our world turned upside down overnight',https://www.bbc.com/news/world-asia-55893736,True
2021-02-08,,,
2021-02-15,,,
2021-02-22,Gunmen kill 36 in attacks in northern Nigeria,https://www.aljazeera.com/news/2021/2/25/gunmen-kill-36-in-attacks-in-northern-nigeria,
2021-03-01,,,
2021-03-08,Several Myanmar protesters reported killed,https://www.dw.com/en/myanmar-several-protesters-die-in-clashes-with-security-forces/a-56833633,
2021-03-15,,,
2021-03-22,,,
2021-03-29,,,
2021-04-05,,,
2021-04-12,"Russia ‘threatening Ukraine with destruction’, Kyiv says",https://www.aljazeera.com/news/2021/4/15/russia-threatening-ukraine-with-destruction-kyiv-says,
2021-04-19,,,
2021-04-26,,,
2021-05-03,,,
2021-05-10,"Israeli Strikes Kill Dozens, Topple Buildings In Gaza City",https://www.npr.org/2021/05/16/997263747/israeli-strikes-kill-dozens-topple-buildings-in-gaza-city,True
2021-05-17,"Israel, Hamas agree to cease-fire to end bloody 11-day war",https://apnews.com/article/israel-palestinian-cease-fire-hamas-caac81bc36fe9be67ac2f7c27000c74b,
2021-05-24,,,
2021-05-31,,,
2021-06-07,,,
2021-06-14,,,
2021-06-21,,,
2021-06-28,,,
2021-07-05,Haiti President Jovenel Moïse Assassinated At His Port-au-Prince Home,https://www.npr.org/2021/07/07/1013691203/jovenel-moise-assassinated-at-port-au-prince-home,
2021-07-12,,,
2021-07-19,,,
2021-07-26,,,
2021-08-02,Greece fires: PM apologises as blazes rage on Evia island,https://www.bbc.com/news/world-europe-58152324,
2021-08-09,"The Taliban captured Kabul as US/NATO forces withdrew. The chaotic evacuation and the immediate restoration of the Islamic Emirate marked the definitive end of the 20-year ""War on Terror.""",https://www.pbs.org/newshour/show/the-taliban-now-control-two-thirds-of-afghanistan-how-did-it-happen-so-quickly,True
2021-08-16,,,
2021-08-23,,,
2021-08-30,,,
2021-09-06,,,
2021-09-13,,,
2021-09-20,,,
2021-09-27,,,
2021-10-04,,,
2021-10-11,,,
2021-10-18,,,
2021-10-25,From coups to crisis: What's next for Sudan?,https://www.dw.com/en/coups-cash-and-political-complexity-what-next-for-sudan/a-59585883,
2021-11-01,Hundreds join violence against women protest in Mexico,https://www.bbc.com/news/world-latin-america-59162501,
2021-11-08,,,
2021-11-15,,,
2021-11-22,,,
2021-11-29,,,
2021-12-06,,,
2021-12-13,,,
2021-12-20,,,
2021-12-27,,,
2022-01-03,Kazakhstan: Why are there riots and why are Russian troops there?,https://www.bbc.com/news/explainers-59894266,
2022-01-10,"In high-stakes meeting, Russia tells U.S. it isn't planning to invade Ukraine",https://www.npr.org/2022/01/10/1071766987/u-s-russia-dicuss-ukraine-can-diplomacy-help-avoid-a-military-confrontation,
2022-01-17,,,
2022-01-24,Latest Ukraine updates: Kyiv urges Russia to pull back troops,https://www.aljazeera.com/news/2022/1/30/russia-ukraine-crisis-uk-sanctions-liveblog,
2022-01-31,,,
2022-02-07,,,
2022-02-14,"Russia trying to provoke Ukraine's military to attack, Kyiv says",https://www.reuters.com/world/europe/russia-trying-provoke-ukraines-military-attack-kyiv-says-2022-02-18/,
2022-02-21,"Russia launched a full-scale invasion of Ukraine. It ended the post-Cold War peace in Europe, triggered a global energy crisis, and revitalized the NATO alliance",https://www.bbc.com/news/world-europe-60504334,True
2022-02-28,Ukraine conflict: Your guide to understanding day eight,https://www.bbc.com/news/world-europe-60606539,
2022-03-07,,,
2022-03-14,,,
2022-03-21,,,
2022-03-28,,,
2022-04-04,Kyiv warns Russia planning large assault in eastern Ukraine,https://www.aljazeera.com/news/2022/4/11/russia-planning-large-assault-in-eastern-ukraine,
2022-04-11,,,
2022-04-18,,,
2022-04-25,,,
2022-05-02,,,
2022-05-09,,,
2022-05-16,,,
2022-05-23,"How Uvalde, Texas, is mourning after massacre of teachers and young students",https://www.pbs.org/newshour/show/how-uvalde-texas-is-mourning-after-massacre-of-teachers-and-young-students,True
2022-05-30,,,
2022-06-06,,,
2022-06-13,,,
2022-06-20,"Oslo shooting near gay bar investigated as terrorism, as Pride parade is canceled",https://edition.cnn.com/2022/06/24/europe/norway-oslo-gay-bar-shooting-intl-hnk,
2022-06-27,,,
2022-07-04,Shinzo Abe’s assassination leaves Japan undone,https://www.reuters.com/breakingviews/shinzo-abes-assassination-leaves-japan-undone-2022-07-08/,True
2022-07-11,,,
2022-07-18,,,
2022-07-25,,,
2022-08-01,Israel pounds Gaza; Palestinians respond with rockets,https://www.aljazeera.com/news/liveblog/2022/8/5/israel-pounds-gaza-killing-10-including-pij-commander-live,
2022-08-08,,,
2022-08-15,,,
2022-08-22,,,
2022-08-29,,,
2022-09-05,,,
2022-09-12,"Death of Mahsa Amini: Her death in the custody of Iran's morality police sparked the ""Woman, Life, Freedom"" movement, the most significant challenge to the Islamic Republic's legitimacy in decades",https://www.bbc.com/news/world-middle-east-62930425,True
2022-09-19,,,
2022-09-26,,,
2022-10-03,,,
2022-10-10,,,
2022-10-17,,,
2022-10-24,,,
2022-10-31,,,
2022-11-07,,,
2022-11-14,Ukraine war: Poland says missile deaths an unfortunate incident,https://www.bbc.com/news/world-europe-63640344,
2022-11-21,,,
2022-11-28,,,
2022-12-05,,,
2022-12-12,,,
2022-12-19,,,
2022-12-26,,,
2023-01-02,,,
2023-01-09,,,
2023-01-16,,,
2023-01-23,,,
2023-01-30,,,
2023-02-06,"Turkey-Syria Earthquakes: A sequence of massive earthquakes killed nearly 60,000 people. It exposed deep corruption in construction standards and altered the political trajectory of the region",https://www.theguardian.com/world/2023/feb/06/turkey-syria-earthquakes-visual-guide,True
2023-02-13,,,
2023-02-20,,,
2023-02-27,,,
2023-03-06,,,
2023-03-13,,,
2023-03-20,,,
2023-03-27,,,
2023-04-03,Jerusalem: Clashes as Israeli police enter Al-Aqsa Mosque,https://www.dw.com/en/jerusalem-clashes-as-israeli-police-enter-al-aqsa-mosque/a-65231308,True
2023-04-10,"Start of Sudan War: Fighting erupted between the Sudanese Armed Forces and the RSF paramilitary. The conflict has created one of the world's largest displacement crises, largely ignored by Western media",https://www.npr.org/2023/04/16/1170289462/sudans-army-and-rsf-are-doing-battle-leaving-56-civilians-dead,True
2023-04-17,,,
2023-04-24,,,
2023-05-01,,,
2023-05-08,"Israel strikes Gaza killing 13 people, including four children",https://www.aljazeera.com/news/2023/5/8/israeli-jets-hit-targets-in-gaza,
2023-05-15,,,
2023-05-22,,,
2023-05-29,,,
2023-06-05,,,
2023-06-12,,,
2023-06-19,,,
2023-06-26,,,
2023-07-03,,,
2023-07-10,,,
2023-07-17,"What we know about Travis King, the U.S. soldier who crossed into North Korea",https://www.npr.org/2023/07/19/1188530348/what-we-know-about-travis-king-the-u-s-soldier-who-crossed-into-north-korea,
2023-07-24,,,
2023-07-31,,,
2023-08-07,Who was Ecuador's assassinated presidential candidate Fernando Villavicencio?,https://www.reuters.com/world/americas/who-was-ecuadors-assassinated-presidential-candidate-fernando-villavicencio-2023-08-10/,
2023-08-14,,,
2023-08-21,Death and destruction in the wake of Greece wildfires,https://www.aljazeera.com/gallery/2023/8/22/photos-death-and-destruction-due-to-wildfires-in-greece,
2023-08-28,,,
2023-09-04,,,
2023-09-11,,,
2023-09-18,,,
2023-09-25,,,
2023-10-02,Hamas blindsides Israel with most serious attack in a generation,https://www.bbc.com/news/world-middle-east-67041679,True
2023-10-09,"Israelis, united in shock, rally behind war to punish Hamas",https://www.bbc.com/news/world-middle-east-67056981,True
2023-10-16,,,
2023-10-23,,,
2023-10-30,,,
2023-11-06,,,
2023-11-13,,,
2023-11-20,,,
2023-11-27,,,
2023-12-04,,,
2023-12-11,,,
2023-12-18,,,
2023-12-25,,,
2024-01-01,,,
2024-01-08,,,
2024-01-15,Iran launches missile strikes in Iraq and Syria citing security threats,https://www.aljazeera.com/news/2024/1/15/irans-revolutionary-guard-attack-anti-iranian-groups-in-iraqs-erbil,
2024-01-22,,,
2024-01-29,,,
2024-02-05,,,
2024-02-12,Russia says it has taken Ukraine's city of Avdiivka after Ukrainian troop withdrawal,https://www.abc.net.au/news/2024-02-18/russia-says-it-has-taken-ukraine-city-of-avdiivka/103481286,
2024-02-19,,,
2024-02-26,,,
2024-03-04,,,
2024-03-11,,,
2024-03-18,,,
2024-03-25,,,
2024-04-01,,,
2024-04-08,,,
2024-04-15,,,
2024-04-22,,,
2024-04-29,,,
2024-05-06,Israel says it has taken control of Gaza side of Rafah Crossing amid truce talks,https://www.reuters.com/world/middle-east/israel-says-it-has-taken-control-gaza-side-rafah-crossing-amid-truce-talks-2024-05-07/,
2024-05-13,Death of Ebrahim Raisi: The President of Iran was killed in a helicopter crash. His death scrambled the succession line for the Supreme Leader and occurred during a period of peak regional tension,https://www.aljazeera.com/news/2024/5/20/ebrahim-raisi-irans-president-dies-in-helicopter-crash-aged-63,True
2024-05-20,,,
2024-05-27,,,
2024-06-03,,,
2024-06-10,,,
2024-06-17,,,
2024-06-24,,,
2024-07-01,,,
2024-07-08,,,
2024-07-15,,,
2024-07-22,,,
2024-07-29,Hamas leader Ismail Haniyeh killed in Tehran - what we know so far,https://www.reuters.com/world/middle-east/what-we-know-so-far-about-assassination-hamas-leader-2024-07-31/,
2024-08-05,"Ukraine pierces Russian border, triggering fierce clashes",https://www.reuters.com/world/europe/ukraine-keeps-up-air-attacks-russias-kursk-regional-governor-says-2024-08-07/,
2024-08-12,,,
2024-08-19,,,
2024-08-26,,,
2024-09-02,,,
2024-09-09,,,
2024-09-16,In Lebanon thousands of exploding devices trigger a nation that has been on edge for years,https://www.pbs.org/newshour/world/triggering-a-nation-that-has-been-on-edge-for-years-thousands-of-exploding-devices-in-lebanon,
2024-09-23,,,
2024-09-30,,,
2024-10-07,,,
2024-10-14,"Hamas leader Sinwar killed by Israeli troops in Gaza, Netanyahu says war will go on",https://www.reuters.com/world/middle-east/16-dead-israeli-strike-lebanese-municipality-building-2024-10-16/,
2024-10-21,,,
2024-10-28,,,
2024-11-04,How Trump won a second term as president in 2024,https://www.npr.org/2024/11/06/g-s1-33007/how-trump-won-policies,
2024-11-11,,,
2024-11-18,,,
2024-11-25,Israel-Hezbollah ceasefire begins after year of conflict,https://www.bbc.com/news/articles/c0mze4pzdnlo,
2024-12-02,"South Korean Martial Law Decree: President Yoon Suk Yeol declared martial law in a late-night address, which was immediately blocked by parliament.",https://www.csis.org/analysis/yoon-declares-martial-law-south-korea,True
2024-12-09,"Fall of the Assad Regime: In a lightning offensive, rebel forces (led by HTS) captured Damascus, forcing Bashar al-Assad to flee to Russia",https://www.aljazeera.com/news/2024/12/8/what-happened-in-syria-has-al-assad-really-fallen,True
2024-12-16,,,
2024-12-23,,,
2024-12-30,,,
2025-01-06,,,
2025-01-13,Hamas releases first Israeli hostages after Gaza ceasefire takes effect,https://www.bbc.com/news/articles/cvgpe1pmyq5o,
2025-01-20,,,
2025-01-27,,,
2025-02-03,,,
2025-02-10,,,
2025-02-17,,,
2025-02-24,,,
2025-03-03,"Russia is advancing in Kursk, threatening Ukraine’s sole territorial bargaining counter",https://edition.cnn.com/2025/03/09/europe/russia-advances-kursk-ukraine-intl,
2025-03-10,Everything is finished': Ukrainian troops relive retreat from Kursk,https://www.bbc.com/news/articles/c0q198zyppqo,
2025-03-17,,,
2025-03-24,,,
2025-03-31,South Korea's president has been removed from power,https://www.bbc.com/news/articles/cz01mjv0v0go,True
2025-04-07,,,
2025-04-14,,,
2025-04-21,Pope Francis has died on Easter Monday aged 88,https://www.vaticannews.va/en/pope/news/2025-04/pope-francis-dies-on-easter-monday-aged-88.html,True
2025-04-28,,,
2025-05-05,"After India’s missile strikes on Pakistan, the risk of accidental escalation is high",https://www.chathamhouse.org/2025/05/after-indias-missile-strikes-pakistan-risk-accidental-escalation-high,True
2025-05-12,,,
2025-05-19,,,
2025-05-26,,,
2025-06-02,,,
2025-06-09,Operation Rising Lion: Iran is reeling from Israel's unprecedented attack - and it is only the start,https://www.bbc.com/news/articles/cvg72ny4xeyo,
2025-06-16,NO DATA AVAILABLE DUE TO MULTIPLE GDELT INFRACTRUCTURE OUTAGES,https://www.linkedin.com/posts/kalevleetaru_we-are-aware-of-multiple-gdelt-infrastructure-activity-7340435180601393154-_SDg?utm_source=share&utm_medium=member_desktop&rcm=ACoAAAc4QiwBYONEgN7X9iMP7pHAcWq2wWjGsqM,
2025-06-23,NO DATA AVAILABLE DUE TO MULTIPLE GDELT INFRACTRUCTURE OUTAGES,https://www.linkedin.com/posts/kalevleetaru_we-are-aware-of-multiple-gdelt-infrastructure-activity-7340435180601393154-_SDg?utm_source=share&utm_medium=member_desktop&rcm=ACoAAAc4QiwBYONEgN7X9iMP7pHAcWq2wWjGsqM,
2025-06-30,,,
2025-07-07,,,
2025-07-14,,,
2025-07-21,,,
2025-07-28,,,
2025-08-04,,,
2025-08-11,,,
2025-08-18,,,
2025-08-25,,,
2025-09-01,,,
2025-09-08,"Nepal Gen Z protests amid social media ban, clashes kill 19: All to know",https://www.aljazeera.com/news/2025/9/8/six-killed-in-nepal-amid-gen-z-protests-after-social-media-ban-all-to-know,
2025-09-15,,,
2025-09-22,,,
2025-09-29,,,
2025-10-06,Trump's 20-point Gaza peace plan in full,https://www.bbc.com/news/articles/c70155nked7o,
2025-10-13,,,
2025-10-20,,,
2025-10-27,,,
2025-11-03,,,
2025-11-10,,,
2025-11-17,Gunmen seize more than 200 children from Nigeria Catholic school,https://www.aljazeera.com/news/2025/11/21/students-taken-from-catholic-school-in-central-nigeria-in-latest-abduction,
2025-11-24,,,
2025-12-01,,,
2025-12-08,,,
2025-12-15,Tracking build-up of US military planes and warships near Venezuela,https://www.bbc.com/news/articles/c7810w37vwdo,True
2025-12-22,,,
2025-12-29,Maduro in US custody,https://edition.cnn.com/world/live-news/venezuela-explosions-caracas-intl-hnk-01-03-26,True
2026-01-05,,,
2026-01-12,,,
