COUNTRY,YEAR,MENTIONS,FATALITIES
Afghanistan,2017,765896,36360
Afghanistan,2018,723215,42991
Afghanistan,2019,409893,41419
Afghanistan,2020,273208,30977
Afghanistan,2021,606561,42425
Afghanistan,2022,179770,4152
Afghanistan,2023,145343,1152
Afghanistan,2024,91280,1362
Afghanistan,2025,122125,886
Albania,2018,102375,1
Albania,2019,27805,0
Albania,2020,15974,0
Albania,2021,17354,1
Albania,2022,17852,0
Albania,2023,36407,1
Albania,2024,33738,1
Albania,2025,24925,0
Algeria,2015,64945,154
Algeria,2016,73165,129
Algeria,2017,41749,145
Algeria,2018,33813,66
Algeria,2019,41622,22
Algeria,2020,23566,33
Algeria,2021,26773,25
Algeria,2022,14627,27
Algeria,2023,17973,13
Algeria,2024,12869,35
Algeria,2025,14673,32
American Samoa,2021,46,0
American Samoa,2022,54,0
American Samoa,2025,137,0
Andorra,2020,772,0
Andorra,2021,1030,0
Andorra,2022,421,0
Andorra,2023,359,0
Andorra,2024,462,0
Andorra,2025,699,0
Angola,2015,24843,23
Angola,2016,39275,115
Angola,2017,34005,67
Angola,2018,12997,41
Angola,2019,7576,24
Angola,2020,6469,74
Angola,2021,3257,150
Angola,2022,2844,107
Angola,2023,2958,66
Angola,2024,3968,98
Angola,2025,3285,191
Anguilla,2018,232,0
Anguilla,2019,989,0
Anguilla,2020,93,0
Anguilla,2021,88,0
Anguilla,2022,0,0
Anguilla,2023,49,0
Anguilla,2024,92,0
Antarctica,2021,470,0
Antarctica,2022,399,0
Antarctica,2023,1072,0
Antarctica,2024,782,0
Antigua and Barbuda,2018,2301,0
Antigua and Barbuda,2019,1221,0
Antigua and Barbuda,2020,514,2
Antigua and Barbuda,2021,2162,0
Antigua and Barbuda,2022,657,0
Antigua and Barbuda,2023,1611,1
Antigua and Barbuda,2024,1308,3
Antigua and Barbuda,2025,900,1
Argentina,2018,101687,27
Argentina,2019,68059,24
Argentina,2020,53597,24
Argentina,2021,45158,19
Argentina,2022,44476,16
Argentina,2023,52247,7
Argentina,2024,63622,3
Argentina,2025,51736,5
Armenia,2018,58744,6
Armenia,2019,35884,2
Armenia,2020,119934,27
Armenia,2021,43423,24
Armenia,2022,38347,210
Armenia,2023,68621,24
Armenia,2024,32818,4
Armenia,2025,28347,2
Aruba,2018,696,0
Aruba,2019,644,0
Aruba,2020,283,0
Aruba,2021,521,0
Aruba,2022,158,0
Aruba,2023,2112,0
Aruba,2024,252,0
Aruba,2025,535,1
Australia,2021,292595,0
Australia,2022,149410,7
Australia,2023,486686,0
Australia,2024,634211,0
Australia,2025,557676,0
Austria,2020,41477,6
Austria,2021,31986,0
Austria,2022,20653,0
Austria,2023,24037,0
Austria,2024,33423,0
Austria,2025,28037,2
Azerbaijan,2018,39307,47
Azerbaijan,2019,25077,14
Azerbaijan,2020,111901,7057
Azerbaijan,2021,37260,33
Azerbaijan,2022,40538,68
Azerbaijan,2023,86461,570
Azerbaijan,2024,44681,2
Azerbaijan,2025,33497,6
Bahamas,2018,13603,0
Bahamas,2019,26704,0
Bahamas,2020,10873,4
Bahamas,2021,6270,2
Bahamas,2022,16572,0
Bahamas,2023,10223,0
Bahamas,2024,9889,0
Bahamas,2025,8367,0
Bahrain,2016,75206,4
Bahrain,2017,88356,17
Bahrain,2018,28113,0
Bahrain,2019,18097,1
Bahrain,2020,11967,0
Bahrain,2021,7029,0
Bahrain,2022,3998,0
Bahrain,2023,6767,0
Bahrain,2024,4844,0
Bahrain,2025,2594,0
Bailiwick of Guernsey,2020,589,0
Bailiwick of Guernsey,2021,615,0
Bailiwick of Guernsey,2022,334,0
Bailiwick of Guernsey,2024,572,0
Bailiwick of Guernsey,2025,915,0
Bailiwick of Jersey,2020,13569,0
Bailiwick of Jersey,2021,12319,0
Bailiwick of Jersey,2025,8983,0
Bangladesh,2015,224408,502
Bangladesh,2016,564122,421
Bangladesh,2017,274924,226
Bangladesh,2018,191645,268
Bangladesh,2019,127392,391
Bangladesh,2020,72445,279
Bangladesh,2021,78022,356
Bangladesh,2022,60606,308
Bangladesh,2023,75494,328
Bangladesh,2024,150039,1907
Bangladesh,2025,132655,351
Barbados,2018,3624,0
Barbados,2019,3288,0
Barbados,2020,2073,2
Barbados,2021,3288,0
Barbados,2022,2436,0
Barbados,2023,2103,0
Barbados,2024,2296,0
Belarus,2018,33771,0
Belarus,2019,27424,0
Belarus,2020,124942,6
Belarus,2021,130949,5
Belarus,2022,81264,4
Belarus,2023,68211,2
Belarus,2024,39949,2
Belarus,2025,33018,2
Belgium,2020,55201,0
Belgium,2021,56456,2
Belgium,2022,46056,3
Belgium,2023,55631,4
Belgium,2024,43811,0
Belgium,2025,40618,0
Belize,2018,8993,91
Belize,2019,6167,104
Belize,2020,3484,75
Belize,2021,4100,67
Belize,2022,2392,48
Belize,2023,4993,38
Belize,2024,6304,23
Belize,2025,8767,31
Benin,2015,12072,3
Benin,2016,10202,22
Benin,2017,8076,15
Benin,2018,5373,31
Benin,2019,6501,37
Benin,2020,5674,64
Benin,2021,5841,93
Benin,2022,3618,168
Benin,2023,4388,226
Benin,2024,4644,275
Benin,2025,4412,421
Bermuda,2018,3372,0
Bermuda,2019,2617,0
Bermuda,2020,2009,0
Bermuda,2021,1170,0
Bermuda,2022,1384,0
Bermuda,2023,1512,0
Bermuda,2024,1361,0
Bermuda,2025,2230,0
Bhutan,2020,1400,0
Bhutan,2021,1740,0
Bhutan,2022,501,0
Bhutan,2024,941,0
Bolivia,2018,28123,26
Bolivia,2019,53133,36
Bolivia,2020,15427,1
Bolivia,2021,14728,8
Bolivia,2022,12541,11
Bolivia,2023,17068,15
Bolivia,2024,24252,19
Bolivia,2025,11335,37
Bosnia and Herzegovina,2018,13457,1
Bosnia and Herzegovina,2019,12351,1
Bosnia and Herzegovina,2020,7254,0
Bosnia and Herzegovina,2021,7657,0
Bosnia and Herzegovina,2022,4919,1
Bosnia and Herzegovina,2023,6115,0
Bosnia and Herzegovina,2024,8960,2
Bosnia and Herzegovina,2025,7028,0
Botswana,2015,4165,0
Botswana,2016,6276,1
Botswana,2017,6234,0
Botswana,2018,5592,2
Botswana,2019,6374,0
Botswana,2020,3224,7
Botswana,2021,3069,1
Botswana,2022,1491,4
Botswana,2023,1267,7
Botswana,2024,1624,2
Botswana,2025,825,4
Brazil,2018,271282,7371
Brazil,2019,232051,5756
Brazil,2020,140652,5685
Brazil,2021,124642,6357
Brazil,2022,101889,7745
Brazil,2023,139766,8401
Brazil,2024,135317,7492
Brazil,2025,142060,7367
British Indian Ocean Territory,2018,17,0
British Indian Ocean Territory,2019,219,0
British Indian Ocean Territory,2021,13,0
British Virgin Islands,2018,540,0
British Virgin Islands,2019,227,0
British Virgin Islands,2020,174,0
British Virgin Islands,2021,223,0
British Virgin Islands,2022,525,0
British Virgin Islands,2023,160,0
British Virgin Islands,2024,127,0
British Virgin Islands,2025,147,0
Brunei,2020,6566,0
Brunei,2021,8336,0
Brunei,2023,4225,0
Bulgaria,2018,56194,0
Bulgaria,2019,28345,0
Bulgaria,2020,22966,0
Bulgaria,2021,16451,0
Bulgaria,2022,22481,0
Bulgaria,2023,25241,0
Bulgaria,2024,20107,0
Bulgaria,2025,18328,1
Burkina Faso,2015,57466,23
Burkina Faso,2016,68322,81
Burkina Faso,2017,32329,117
Burkina Faso,2018,29648,303
Burkina Faso,2019,33825,2220
Burkina Faso,2020,15934,2299
Burkina Faso,2021,18041,2360
Burkina Faso,2022,21617,4234
Burkina Faso,2023,17586,8499
Burkina Faso,2024,9640,7487
Burkina Faso,2025,5307,4964
Burundi,2015,100821,1109
Burundi,2016,36034,452
Burundi,2017,13665,285
Burundi,2018,10077,327
Burundi,2019,6473,305
Burundi,2020,6295,330
Burundi,2021,3199,305
Burundi,2022,2998,261
Burundi,2023,2505,178
Burundi,2024,1610,168
Burundi,2025,3017,202
Cambodia,2015,34349,6
Cambodia,2016,54477,3
Cambodia,2017,46573,2
Cambodia,2018,58198,13
Cambodia,2019,22363,5
Cambodia,2020,12937,4
Cambodia,2021,10494,2
Cambodia,2022,16539,1
Cambodia,2023,14016,0
Cambodia,2024,11941,0
Cambodia,2025,51152,0
Cameroon,2015,65244,1439
Cameroon,2016,43819,721
Cameroon,2017,35794,739
Cameroon,2018,42348,1664
Cameroon,2019,27203,1302
Cameroon,2020,17759,1761
Cameroon,2021,12637,1566
Cameroon,2022,7969,1632
Cameroon,2023,9807,2145
Cameroon,2024,4844,2314
Cameroon,2025,5805,1628
Canada,2021,298785,8
Canada,2022,243990,0
Canada,2023,470595,4
Canada,2024,429085,0
Canada,2025,318806,0
Cape Verde,2020,972,0
Cape Verde,2021,4181,0
Cape Verde,2022,629,0
Cape Verde,2023,467,0
Cape Verde,2024,378,0
Cape Verde,2025,203,0
Caribbean Netherlands,2019,5,0
Caribbean Netherlands,2020,0,0
Caribbean Netherlands,2022,2,0
Caribbean Netherlands,2024,6,0
Cayman Islands,2018,979,0
Cayman Islands,2019,714,0
Cayman Islands,2020,1068,0
Cayman Islands,2021,527,0
Cayman Islands,2022,221,0
Cayman Islands,2024,757,0
Cayman Islands,2025,749,0
Central African Republic,2015,32592,525
Central African Republic,2016,32791,739
Central African Republic,2017,30506,1832
Central African Republic,2018,23420,1171
Central African Republic,2019,7133,596
Central African Republic,2020,5954,449
Central African Republic,2021,6715,1716
Central African Republic,2022,2761,967
Central African Republic,2023,3794,618
Central African Republic,2024,2341,758
Central African Republic,2025,1488,944
Chad,2015,66098,429
Chad,2016,34663,45
Chad,2017,37844,296
Chad,2018,21970,259
Chad,2019,16603,565
Chad,2020,14391,727
Chad,2021,26049,831
Chad,2022,13765,748
Chad,2023,23955,301
Chad,2024,17639,561
Chad,2025,9594,304
Chile,2018,79991,5
Chile,2019,64596,44
Chile,2020,30683,26
Chile,2021,30179,20
Chile,2022,21309,22
Chile,2023,18795,19
Chile,2024,16016,49
Chile,2025,15830,12
China,2018,625563,42
China,2019,734764,15
China,2020,910654,9
China,2021,492728,13
China,2022,385093,6
China,2023,445721,9
China,2024,339829,11
China,2025,296540,1
Christmas Island,2021,211,0
Christmas Island,2022,61,0
Colombia,2018,134299,1501
Colombia,2019,109514,1428
Colombia,2020,71051,1768
Colombia,2021,83591,2115
Colombia,2022,50035,2303
Colombia,2023,68487,2015
Colombia,2024,68533,1757
Colombia,2025,111924,2178
Comoros,2020,215,2
Comoros,2021,322,0
Comoros,2022,358,2
Comoros,2023,260,1
Comoros,2024,642,3
Comoros,2025,146,2
Cook Islands,2021,77,0
Cook Islands,2024,511,0
Cook Islands,2025,286,0
Costa Rica,2018,7280,2
Costa Rica,2019,5849,10
Costa Rica,2020,3649,9
Costa Rica,2021,2127,4
Costa Rica,2022,2564,2
Costa Rica,2023,5245,3
Costa Rica,2024,2646,15
Costa Rica,2025,4009,5
Croatia,2018,43035,0
Croatia,2019,30377,3
Croatia,2020,21213,0
Croatia,2021,19629,0
Croatia,2022,17909,0
Croatia,2023,24610,0
Croatia,2024,23582,0
Croatia,2025,22794,0
Cuba,2018,56806,0
Cuba,2019,50385,2
Cuba,2020,31710,3
Cuba,2021,43232,1
Cuba,2022,33873,2
Cuba,2023,27743,6
Cuba,2024,24853,3
Cuba,2025,34259,5
Cyprus,2018,26412,0
Cyprus,2019,25566,1
Cyprus,2020,19071,0
Cyprus,2021,13243,0
Cyprus,2022,6487,1
Cyprus,2023,20346,0
Cyprus,2024,19269,0
Cyprus,2025,10633,1
Czech Republic,2020,27847,0
Czech Republic,2021,25258,1
Czech Republic,2022,19734,0
Czech Republic,2023,42590,0
Czech Republic,2024,25806,0
Czech Republic,2025,15704,0
Democratic Republic of Congo,2015,10365,1791
Democratic Republic of Congo,2016,31639,1740
Democratic Republic of Congo,2017,19291,3211
Democratic Republic of Congo,2018,23417,3225
Democratic Republic of Congo,2019,11077,3813
Democratic Republic of Congo,2020,5198,6173
Democratic Republic of Congo,2021,6284,7704
Democratic Republic of Congo,2022,8235,8074
Democratic Republic of Congo,2023,7578,5505
Democratic Republic of Congo,2024,7117,5500
Democratic Republic of Congo,2025,9812,7069
Denmark,2020,28000,1
Denmark,2021,31251,0
Denmark,2022,23896,0
Denmark,2023,26273,0
Denmark,2024,30518,0
Denmark,2025,31755,0
Djibouti,2015,16009,27
Djibouti,2016,16153,0
Djibouti,2017,14583,0
Djibouti,2018,11134,0
Djibouti,2019,5501,4
Djibouti,2020,3567,0
Djibouti,2021,2387,5
Djibouti,2022,2096,7
Djibouti,2023,28950,17
Djibouti,2024,62993,1
Dominica,2018,1919,0
Dominica,2019,1460,1
Dominica,2020,1084,0
Dominica,2021,2194,0
Dominica,2022,1038,0
Dominica,2023,924,0
Dominica,2024,2082,0
Dominica,2025,1369,0
Dominican Republic,2018,11365,21
Dominican Republic,2019,18308,18
Dominican Republic,2020,4844,10
Dominican Republic,2021,5259,3
Dominican Republic,2022,5252,24
Dominican Republic,2023,4337,14
Dominican Republic,2024,6474,13
Dominican Republic,2025,10142,23
East Timor,2020,850,0
East Timor,2021,1914,2
East Timor,2022,1573,2
East Timor,2023,867,0
East Timor,2024,1372,0
East Timor,2025,1195,0
Ecuador,2018,42707,14
Ecuador,2019,54159,11
Ecuador,2020,13067,19
Ecuador,2021,24228,5
Ecuador,2022,13873,40
Ecuador,2023,45536,2807
Ecuador,2024,57615,2879
Ecuador,2025,25709,3853
Egypt,2015,767279,2840
Egypt,2016,630141,1721
Egypt,2017,652659,1544
Egypt,2018,318015,1114
Egypt,2019,201301,1003
Egypt,2020,121996,626
Egypt,2021,88506,264
Egypt,2022,67284,274
Egypt,2023,193902,28
Egypt,2024,185139,18
Egypt,2025,85421,52
El Salvador,2018,47203,962
El Salvador,2019,41530,895
El Salvador,2020,17222,388
El Salvador,2021,12263,435
El Salvador,2022,15130,285
El Salvador,2023,13433,58
El Salvador,2024,17003,21
El Salvador,2025,71828,9
Equatorial Guinea,2015,503,0
Equatorial Guinea,2016,1530,0
Equatorial Guinea,2017,2198,5
Equatorial Guinea,2018,3079,4
Equatorial Guinea,2019,1116,1
Equatorial Guinea,2020,823,0
Equatorial Guinea,2021,894,1
Equatorial Guinea,2022,746,4
Equatorial Guinea,2023,689,0
Equatorial Guinea,2024,493,0
Eritrea,2015,16236,3
Eritrea,2016,14488,37
Eritrea,2017,6815,1
Eritrea,2018,14037,1
Eritrea,2019,7132,0
Eritrea,2020,7565,1
Eritrea,2021,11933,0
Eritrea,2022,4904,0
Eritrea,2023,7940,1
Eritrea,2024,2494,0
Estonia,2020,7302,0
Estonia,2021,6345,1
Estonia,2022,12893,0
Estonia,2023,12080,0
Estonia,2024,8633,0
Estonia,2025,12910,0
Ethiopia,2015,40074,811
Ethiopia,2016,58096,2515
Ethiopia,2017,29656,1355
Ethiopia,2018,50921,1579
Ethiopia,2019,62118,670
Ethiopia,2020,52989,4364
Ethiopia,2021,80518,8546
Ethiopia,2022,32035,6440
Ethiopia,2023,25879,3750
Ethiopia,2024,15586,7545
Ethiopia,2025,15364,5940
Falkland Islands,2018,52,0
Falkland Islands,2019,12,0
Falkland Islands,2020,35,0
Falkland Islands,2021,21,0
Falkland Islands,2025,346,0
Faroe Islands,2020,19,0
Faroe Islands,2021,2959,0
Faroe Islands,2023,194,0
Faroe Islands,2024,45,0
Faroe Islands,2025,32,0
Fiji,2021,5196,0
Fiji,2022,4499,0
Fiji,2023,3092,0
Fiji,2024,4275,0
Fiji,2025,3147,0
Finland,2020,17563,1
Finland,2021,16677,1
Finland,2022,27017,0
Finland,2023,29555,0
Finland,2024,31313,0
Finland,2025,18734,0
France,2020,407133,8
France,2021,356562,4
France,2022,235251,14
France,2023,367299,5
France,2024,327769,11
France,2025,280927,10
French Guiana,2018,205,0
French Guiana,2019,57,0
French Guiana,2020,129,0
French Guiana,2021,27,0
French Guiana,2022,38,0
French Guiana,2023,1391,2
French Guiana,2024,100,1
French Guiana,2025,28,0
French Polynesia,2021,1363,0
French Polynesia,2022,85,0
French Polynesia,2023,69,0
French Polynesia,2024,105,0
French Polynesia,2025,58,0
Gabon,2015,1813,0
Gabon,2016,14671,7
Gabon,2017,3397,0
Gabon,2018,3440,0
Gabon,2019,3910,6
Gabon,2020,1119,4
Gabon,2021,1064,4
Gabon,2022,790,0
Gabon,2023,4609,2
Gabon,2024,723,1
Gabon,2025,608,1
Gambia,2015,11790,0
Gambia,2016,21540,4
Gambia,2017,30646,6
Gambia,2018,11869,3
Gambia,2019,9345,2
Gambia,2020,5544,3
Gambia,2021,3320,1
Gambia,2022,4846,4
Gambia,2023,10377,2
Gambia,2024,9140,1
Gambia,2025,6415,0
Georgia,2018,13227,3
Georgia,2019,18323,3
Georgia,2020,7997,1
Georgia,2021,7765,0
Georgia,2022,4235,0
Georgia,2023,8772,2
Georgia,2024,19016,1
Georgia,2025,9009,0
Germany,2020,329383,14
Germany,2021,270680,9
Germany,2022,227198,1
Germany,2023,279066,8
Germany,2024,288566,17
Germany,2025,206776,7
Ghana,2015,54389,32
Ghana,2016,68896,42
Ghana,2017,63392,89
Ghana,2018,64302,23
Ghana,2019,53557,43
Ghana,2020,48769,69
Ghana,2021,44038,51
Ghana,2022,21793,120
Ghana,2023,29854,177
Ghana,2024,34640,148
Ghana,2025,34631,260
Gibraltar,2020,1858,0
Gibraltar,2021,1806,0
Gibraltar,2022,1689,0
Gibraltar,2023,1900,0
Gibraltar,2025,455,0
Greece,2018,178149,10
Greece,2019,113542,7
Greece,2020,124661,6
Greece,2021,96981,7
Greece,2022,74215,10
Greece,2023,133091,6
Greece,2024,105930,2
Greece,2025,82257,6
Greenland,2020,1270,0
Greenland,2021,733,0
Greenland,2022,650,0
Greenland,2023,1244,0
Greenland,2024,3063,0
Greenland,2025,7899,0
Grenada,2018,1770,0
Grenada,2019,1622,0
Grenada,2020,1370,0
Grenada,2021,1218,0
Grenada,2023,1393,0
Grenada,2025,1721,0
Guadeloupe,2018,5500,1
Guadeloupe,2019,4670,0
Guadeloupe,2020,2805,1
Guadeloupe,2021,4455,0
Guadeloupe,2022,3295,0
Guadeloupe,2023,3148,0
Guadeloupe,2024,3042,0
Guadeloupe,2025,2593,0
Guam,2021,2966,0
Guam,2022,3178,0
Guam,2023,2962,0
Guam,2024,2717,0
Guam,2025,2140,0
Guatemala,2018,76358,800
Guatemala,2019,39092,1115
Guatemala,2020,22336,573
Guatemala,2021,19236,673
Guatemala,2022,8928,744
Guatemala,2023,15532,850
Guatemala,2024,19796,285
Guatemala,2025,18011,461
Guinea,2015,18959,34
Guinea,2016,14793,4
Guinea,2017,11656,47
Guinea,2018,11453,40
Guinea,2019,10425,46
Guinea,2020,8103,146
Guinea,2021,10058,28
Guinea,2022,6656,40
Guinea,2023,6587,72
Guinea,2024,6209,64
Guinea,2025,5149,30
Guinea-Bissau,2015,645,1
Guinea-Bissau,2016,820,0
Guinea-Bissau,2017,1143,0
Guinea-Bissau,2018,548,0
Guinea-Bissau,2019,826,1
Guinea-Bissau,2020,532,8
Guinea-Bissau,2021,325,0
Guinea-Bissau,2022,1042,12
Guinea-Bissau,2023,1199,5
Guinea-Bissau,2024,417,9
Guinea-Bissau,2025,1451,0
Guyana,2018,9638,1
Guyana,2019,6397,2
Guyana,2020,4444,6
Guyana,2021,2881,1
Guyana,2022,2469,0
Guyana,2023,8469,1
Guyana,2024,5612,2
Guyana,2025,5426,10
Haiti,2018,25978,295
Haiti,2019,16386,488
Haiti,2020,12194,717
Haiti,2021,102930,820
Haiti,2022,28316,1637
Haiti,2023,39346,2518
Haiti,2024,87037,3050
Haiti,2025,28842,2624
Honduras,2018,61206,793
Honduras,2019,41183,1016
Honduras,2020,15701,727
Honduras,2021,20231,710
Honduras,2022,16249,694
Honduras,2023,16105,656
Honduras,2024,17773,492
Honduras,2025,19528,522
Hungary,2020,22140,0
Hungary,2021,22741,0
Hungary,2022,27523,0
Hungary,2023,29987,0
Hungary,2024,29468,0
Hungary,2025,32915,1
Iceland,2020,3754,3
Iceland,2021,3705,0
Iceland,2022,2339,0
Iceland,2023,5141,0
Iceland,2024,5387,0
Iceland,2025,2769,0
India,2016,1144708,1653
India,2017,868427,1397
India,2018,812646,2119
India,2019,788659,1505
India,2020,562966,1326
India,2021,428979,1020
India,2022,354216,885
India,2023,544099,1197
India,2024,563901,1204
India,2025,556558,1115
Indonesia,2015,266219,103
Indonesia,2016,369817,52
Indonesia,2017,273002,53
Indonesia,2018,236359,174
Indonesia,2019,179248,202
Indonesia,2020,125217,134
Indonesia,2021,127749,138
Indonesia,2022,89434,266
Indonesia,2023,103894,218
Indonesia,2024,96641,163
Indonesia,2025,80469,247
Iran,2016,706487,264
Iran,2017,666242,175
Iran,2018,627402,246
Iran,2019,735659,466
Iran,2020,648266,400
Iran,2021,215976,188
Iran,2022,286865,718
Iran,2023,304946,198
Iran,2024,649093,354
Iran,2025,242236,711
Iraq,2016,1462065,56032
Iraq,2017,996622,31913
Iraq,2018,341563,5241
Iraq,2019,435633,3490
Iraq,2020,333596,2680
Iraq,2021,166723,2597
Iraq,2022,99075,2093
Iraq,2023,116114,1387
Iraq,2024,135059,1033
Iraq,2025,48715,556
Ireland,2020,92905,0
Ireland,2021,82530,0
Ireland,2022,94493,0
Ireland,2023,131215,0
Ireland,2024,141989,0
Ireland,2025,117324,0
Isle of Man,2020,289,0
Isle of Man,2021,38,0
Isle of Man,2024,25,0
Isle of Man,2025,46,0
Israel,2016,2019373,16
Israel,2017,1998736,11
Israel,2018,2643049,7
Israel,2019,1632408,11
Israel,2020,643643,1
Israel,2021,1158140,25
Israel,2022,677123,31
Israel,2023,3858394,1772
Israel,2024,4406940,99
Israel,2025,2296879,47
Italy,2020,251556,0
Italy,2021,191377,1
Italy,2022,122790,1
Italy,2023,202829,0
Italy,2024,199938,0
Italy,2025,191210,0
Ivory Coast,2015,22438,24
Ivory Coast,2016,30522,89
Ivory Coast,2017,22204,43
Ivory Coast,2018,7282,16
Ivory Coast,2019,7816,46
Ivory Coast,2020,8520,151
Ivory Coast,2021,5817,46
Ivory Coast,2022,4721,48
Ivory Coast,2023,2764,27
Ivory Coast,2024,3005,20
Ivory Coast,2025,4244,36
Jamaica,2018,24351,224
Jamaica,2019,23254,281
Jamaica,2020,18039,265
Jamaica,2021,18747,301
Jamaica,2022,16378,387
Jamaica,2023,15795,423
Jamaica,2024,16524,346
Jamaica,2025,14679,268
Japan,2018,214163,0
Japan,2019,200599,0
Japan,2020,145458,0
Japan,2021,108792,0
Japan,2022,142464,1
Japan,2023,131130,0
Japan,2024,112060,0
Japan,2025,87813,0
Jordan,2016,160582,65
Jordan,2017,131373,35
Jordan,2018,87791,20
Jordan,2019,59296,25
Jordan,2020,39766,11
Jordan,2021,29716,9
Jordan,2022,21946,14
Jordan,2023,52829,7
Jordan,2024,68603,3
Jordan,2025,30321,9
Kazakhstan,2018,23400,3
Kazakhstan,2019,22070,7
Kazakhstan,2020,18172,21
Kazakhstan,2021,8362,3
Kazakhstan,2022,35928,226
Kazakhstan,2023,12366,4
Kazakhstan,2024,14604,5
Kazakhstan,2025,5936,5
Kenya,2015,216776,505
Kenya,2016,179495,227
Kenya,2017,163697,740
Kenya,2018,95754,459
Kenya,2019,90200,340
Kenya,2020,54143,355
Kenya,2021,29599,484
Kenya,2022,31172,686
Kenya,2023,54217,1011
Kenya,2024,63391,782
Kenya,2025,40470,916
Kiribati,2021,655,0
Kosovo,2018,44163,4
Kosovo,2019,16048,0
Kosovo,2020,7793,0
Kosovo,2021,8724,0
Kosovo,2022,11528,0
Kosovo,2023,39798,5
Kosovo,2024,19746,0
Kosovo,2025,11726,1
Kuwait,2016,59718,0
Kuwait,2017,37162,0
Kuwait,2018,27521,0
Kuwait,2019,11779,0
Kuwait,2020,16124,1
Kuwait,2021,10329,0
Kuwait,2022,6038,0
Kuwait,2023,8463,0
Kuwait,2024,8186,0
Kyrgyzstan,2018,8528,4
Kyrgyzstan,2019,14997,8
Kyrgyzstan,2020,16852,2
Kyrgyzstan,2021,11002,32
Kyrgyzstan,2022,9397,68
Kyrgyzstan,2023,5858,2
Kyrgyzstan,2024,5517,1
Kyrgyzstan,2025,3590,5
Laos,2015,3231,5
Laos,2016,11876,9
Laos,2017,5359,4
Laos,2018,6086,0
Laos,2019,4166,1
Laos,2020,2876,2
Laos,2021,2329,1
Laos,2022,1822,0
Laos,2023,4104,0
Laos,2024,4702,0
Laos,2025,3561,5
Latvia,2020,8458,0
Latvia,2021,7862,0
Latvia,2022,11214,0
Latvia,2023,9889,0
Latvia,2024,7787,1
Latvia,2025,7491,3
Lebanon,2016,196538,219
Lebanon,2017,207593,385
Lebanon,2018,110336,32
Lebanon,2019,103054,22
Lebanon,2020,117678,48
Lebanon,2021,68046,42
Lebanon,2022,36976,43
Lebanon,2023,168606,267
Lebanon,2024,540349,4050
Lebanon,2025,91182,399
Lesotho,2015,3738,4
Lesotho,2016,3429,4
Lesotho,2017,5249,4
Lesotho,2018,3202,0
Lesotho,2019,1898,6
Lesotho,2020,8609,6
Lesotho,2021,2520,9
Lesotho,2022,2010,14
Lesotho,2023,2805,12
Lesotho,2024,1325,3
Lesotho,2025,3043,0
Liberia,2015,11342,4
Liberia,2016,13922,8
Liberia,2017,11668,7
Liberia,2018,9802,3
Liberia,2019,6398,11
Liberia,2020,6129,2
Liberia,2021,5799,7
Liberia,2022,4341,11
Liberia,2023,8694,9
Liberia,2024,7042,6
Liberia,2025,4971,22
Libya,2015,297448,3081
Libya,2016,348465,3328
Libya,2017,203210,1707
Libya,2018,126027,1226
Libya,2019,160411,2294
Libya,2020,115723,1562
Libya,2021,45844,115
Libya,2022,31940,159
Libya,2023,34476,95
Libya,2024,16039,160
Libya,2025,23856,275
Liechtenstein,2020,316,0
Liechtenstein,2021,322,0
Liechtenstein,2022,269,0
Liechtenstein,2024,162,0
Lithuania,2020,23916,0
Lithuania,2021,31600,0
Lithuania,2022,29006,0
Lithuania,2023,21677,0
Lithuania,2024,20779,1
Lithuania,2025,20655,0
Luxembourg,2020,5663,0
Luxembourg,2021,5464,0
Luxembourg,2022,3475,0
Luxembourg,2023,3542,0
Luxembourg,2024,3082,0
Luxembourg,2025,2141,0
Madagascar,2015,3444,192
Madagascar,2016,4474,177
Madagascar,2017,3338,210
Madagascar,2018,4462,142
Madagascar,2019,3147,351
Madagascar,2020,2413,358
Madagascar,2021,2292,303
Madagascar,2022,1467,364
Madagascar,2023,1640,512
Madagascar,2024,965,471
Madagascar,2025,5206,263
Malawi,2015,7909,12
Malawi,2016,17142,23
Malawi,2017,11314,19
Malawi,2018,9958,16
Malawi,2019,11014,27
Malawi,2020,5686,60
Malawi,2021,5699,44
Malawi,2022,4980,40
Malawi,2023,5729,53
Malawi,2024,5278,50
Malawi,2025,5428,42
Malaysia,2018,99035,14
Malaysia,2019,63001,15
Malaysia,2020,52711,2
Malaysia,2021,31642,13
Malaysia,2022,24900,4
Malaysia,2023,25343,0
Malaysia,2024,24581,3
Malaysia,2025,23276,3
Maldives,2020,3706,0
Maldives,2021,2939,0
Maldives,2022,1905,0
Maldives,2023,1822,0
Maldives,2024,3181,1
Maldives,2025,2236,0
Mali,2015,134112,434
Mali,2016,107281,320
Mali,2017,79491,946
Mali,2018,69514,1739
Mali,2019,61052,1873
Mali,2020,50352,2852
Mali,2021,42751,1909
Mali,2022,44744,4858
Mali,2023,28921,4329
Mali,2024,19312,4019
Mali,2025,12613,3715
Malta,2020,10873,0
Malta,2021,12781,0
Malta,2022,10790,0
Malta,2023,7406,0
Malta,2024,7728,0
Malta,2025,7161,2
Marshall Islands,2021,905,0
Marshall Islands,2023,571,0
Marshall Islands,2024,621,0
Martinique,2018,1437,0
Martinique,2019,1063,0
Martinique,2020,614,0
Martinique,2021,1728,0
Martinique,2022,862,0
Martinique,2023,245,0
Martinique,2024,813,1
Martinique,2025,164,0
Mauritania,2015,11160,1
Mauritania,2016,11924,0
Mauritania,2017,10201,2
Mauritania,2018,7243,3
Mauritania,2019,4374,3
Mauritania,2020,2751,4
Mauritania,2021,2459,1
Mauritania,2022,1640,6
Mauritania,2023,2674,9
Mauritania,2024,1759,7
Mauritania,2025,1554,0
Mauritius,2020,7867,2
Mauritius,2021,5953,2
Mauritius,2022,4704,3
Mauritius,2023,7109,2
Mauritius,2024,7253,2
Mauritius,2025,6133,0
Mayotte,2020,303,0
Mayotte,2021,298,1
Mayotte,2022,414,3
Mayotte,2023,668,0
Mayotte,2024,944,1
Mayotte,2025,655,0
Mexico,2018,525279,9595
Mexico,2019,553718,9243
Mexico,2020,233664,8383
Mexico,2021,215004,8264
Mexico,2022,186284,7836
Mexico,2023,275793,7271
Mexico,2024,280039,8345
Mexico,2025,250860,7857
Micronesia,2021,1367,0
Moldova,2018,23492,0
Moldova,2019,14151,0
Moldova,2020,11921,0
Moldova,2021,10736,0
Moldova,2022,22609,0
Moldova,2023,23290,1
Moldova,2024,18896,0
Moldova,2025,19208,0
Monaco,2020,1733,0
Monaco,2021,2361,0
Monaco,2022,1822,0
Monaco,2023,1441,0
Monaco,2024,1690,0
Monaco,2025,976,0
Mongolia,2018,4235,1
Mongolia,2019,4318,0
Mongolia,2020,4892,0
Mongolia,2021,1834,0
Mongolia,2022,1709,0
Mongolia,2023,2891,0
Mongolia,2024,3018,0
Mongolia,2025,1590,0
Montenegro,2018,10403,2
Montenegro,2019,4447,0
Montenegro,2020,3676,0
Montenegro,2021,2952,0
Montenegro,2022,2631,0
Montenegro,2023,3142,1
Montenegro,2024,5639,0
Montenegro,2025,3258,0
Montserrat,2018,458,0
Montserrat,2019,311,0
Montserrat,2020,234,0
Montserrat,2021,453,0
Montserrat,2022,123,0
Morocco,2015,102110,4
Morocco,2016,94205,6
Morocco,2017,101137,4
Morocco,2018,66926,7
Morocco,2019,40249,6
Morocco,2020,24340,4
Morocco,2021,30791,47
Morocco,2022,26459,56
Morocco,2023,25386,38
Morocco,2024,18561,42
Morocco,2025,18245,54
Mozambique,2015,15737,48
Mozambique,2016,18872,105
Mozambique,2017,8949,129
Mozambique,2018,11454,212
Mozambique,2019,14843,680
Mozambique,2020,11278,1773
Mozambique,2021,17050,1830
Mozambique,2022,5714,925
Mozambique,2023,5617,309
Mozambique,2024,10164,674
Mozambique,2025,5831,665
Myanmar,2015,64381,1287
Myanmar,2016,60337,613
Myanmar,2017,143378,1407
Myanmar,2018,83147,261
Myanmar,2019,37911,1646
Myanmar,2020,14569,692
Myanmar,2021,192966,11666
Myanmar,2022,48380,23477
Myanmar,2023,43560,21309
Myanmar,2024,27023,20010
Myanmar,2025,16237,14409
Namibia,2015,10412,4
Namibia,2016,6790,0
Namibia,2017,6814,2
Namibia,2018,7042,1
Namibia,2019,6838,2
Namibia,2020,2584,0
Namibia,2021,2935,2
Namibia,2022,1712,3
Namibia,2023,3004,4
Namibia,2024,3915,6
Namibia,2025,3431,1
Nauru,2021,159,0
Nepal,2015,84328,51
Nepal,2016,52269,8
Nepal,2017,28479,19
Nepal,2018,30138,19
Nepal,2019,27588,48
Nepal,2020,17068,37
Nepal,2021,12206,10
Nepal,2022,13128,15
Nepal,2023,27050,7
Nepal,2024,21334,7
Nepal,2025,43879,81
Netherlands,2020,57063,1
Netherlands,2021,71475,1
Netherlands,2022,44363,0
Netherlands,2023,57288,0
Netherlands,2024,62682,1
Netherlands,2025,43849,1
New Caledonia,2021,2387,0
New Caledonia,2022,97,0
New Caledonia,2023,417,0
New Caledonia,2024,5333,19
New Caledonia,2025,302,0
New Zealand,2021,53580,1
New Zealand,2022,37794,0
New Zealand,2023,50078,0
New Zealand,2024,40772,0
New Zealand,2025,45470,0
Nicaragua,2018,89635,356
Nicaragua,2019,32595,29
Nicaragua,2020,10645,28
Nicaragua,2021,24767,35
Nicaragua,2022,19371,7
Nicaragua,2023,22552,13
Nicaragua,2024,12471,16
Nicaragua,2025,5626,7
Niger,2015,51143,984
Niger,2016,35963,367
Niger,2017,50979,240
Niger,2018,30339,506
Niger,2019,19730,729
Niger,2020,19244,1126
Niger,2021,28311,1498
Niger,2022,8898,1017
Niger,2023,52645,1156
Niger,2024,17650,1864
Niger,2025,13239,1865
Nigeria,2015,544732,11109
Nigeria,2016,520625,4894
Nigeria,2017,437282,4941
Nigeria,2018,419130,6159
Nigeria,2019,316284,5943
Nigeria,2020,288536,8488
Nigeria,2021,288428,10965
Nigeria,2022,186251,10942
Nigeria,2023,232518,8709
Nigeria,2024,236917,9897
Nigeria,2025,218234,11512
Niue,2021,15,0
Norfolk Island,2021,13,0
North Korea,2018,237255,0
North Korea,2019,150935,12
North Korea,2020,50481,11
North Korea,2021,45933,13
North Korea,2022,99545,34
North Korea,2023,95613,12
North Korea,2024,94613,30
North Korea,2025,41261,1
North Macedonia,2018,69910,1
North Macedonia,2019,27778,0
North Macedonia,2020,8917,0
North Macedonia,2021,7787,0
North Macedonia,2022,5815,0
North Macedonia,2023,14842,0
North Macedonia,2024,15461,0
North Macedonia,2025,13045,0
Northern Mariana Islands,2024,1486,0
Northern Mariana Islands,2025,20,0
Norway,2020,31589,1
Norway,2021,38642,0
Norway,2022,41038,2
Norway,2023,34558,0
Norway,2024,35416,0
Norway,2025,23246,1
Oman,2016,19317,0
Oman,2017,13513,0
Oman,2018,14863,0
Oman,2019,11662,0
Oman,2020,11839,0
Oman,2021,5100,2
Oman,2023,3743,0
Oman,2024,4841,10
Pakistan,2015,693025,4493
Pakistan,2016,939657,2211
Pakistan,2017,611896,1719
Pakistan,2018,507249,1223
Pakistan,2019,495450,1148
Pakistan,2020,253053,934
Pakistan,2021,227068,1405
Pakistan,2022,235637,1770
Pakistan,2023,354649,2309
Pakistan,2024,283559,3086
Pakistan,2025,334221,5025
Palau,2021,708,0
Palau,2025,701,0
Palestine,2016,308722,164
Palestine,2017,283302,116
Palestine,2018,385809,403
Palestine,2019,243145,182
Palestine,2020,101807,52
Palestine,2021,79845,393
Palestine,2022,100485,225
Palestine,2023,374368,22910
Palestine,2024,353957,30416
Palestine,2025,166338,16833
Panama,2018,36412,2
Panama,2019,17847,2
Panama,2020,12619,4
Panama,2021,8217,5
Panama,2022,8422,2
Panama,2023,10146,7
Panama,2024,11063,4
Panama,2025,15415,2
Papua New Guinea,2021,1852,241
Papua New Guinea,2022,1308,254
Papua New Guinea,2023,3100,349
Papua New Guinea,2024,8239,324
Papua New Guinea,2025,1997,131
Paraguay,2018,14332,6
Paraguay,2019,10607,25
Paraguay,2020,7455,18
Paraguay,2021,6341,43
Paraguay,2022,6174,35
Paraguay,2023,7097,11
Paraguay,2024,7126,6
Paraguay,2025,5328,0
Peru,2018,83874,19
Peru,2019,61878,32
Peru,2020,38451,45
Peru,2021,30333,25
Peru,2022,41050,48
Peru,2023,63765,82
Peru,2024,36553,43
Peru,2025,38744,46
Philippines,2016,444254,4532
Philippines,2017,554594,4356
Philippines,2018,190032,2118
Philippines,2019,140439,1731
Philippines,2020,109091,1502
Philippines,2021,72506,1182
Philippines,2022,60787,927
Philippines,2023,81282,858
Philippines,2024,70118,651
Philippines,2025,62325,506
Pitcairn,2021,99,0
Poland,2020,82437,0
Poland,2021,114515,1
Poland,2022,119921,0
Poland,2023,103073,1
Poland,2024,92480,1
Poland,2025,101238,0
Portugal,2020,31705,2
Portugal,2021,28812,0
Portugal,2022,24826,0
Portugal,2023,29209,0
Portugal,2024,27438,1
Portugal,2025,31101,0
Puerto Rico,2018,15933,123
Puerto Rico,2019,21879,150
Puerto Rico,2020,9502,118
Puerto Rico,2021,8769,180
Puerto Rico,2022,7688,212
Puerto Rico,2023,6393,198
Puerto Rico,2024,5937,206
Puerto Rico,2025,4771,158
Qatar,2016,39426,0
Qatar,2017,159111,0
Qatar,2018,40932,0
Qatar,2019,31662,0
Qatar,2020,20472,0
Qatar,2021,21682,0
Qatar,2022,11997,0
Qatar,2023,21228,0
Qatar,2025,33615,6
Republic of Congo,2015,29059,4
Republic of Congo,2016,49321,78
Republic of Congo,2017,43675,21
Republic of Congo,2018,43034,28
Republic of Congo,2019,25418,2
Republic of Congo,2020,11639,1
Republic of Congo,2021,12960,10
Republic of Congo,2022,14073,19
Republic of Congo,2023,15529,6
Republic of Congo,2024,10985,1
Republic of Congo,2025,17014,17
Reunion,2020,1241,0
Reunion,2021,1087,0
Reunion,2022,830,0
Reunion,2023,1172,0
Reunion,2024,1724,0
Reunion,2025,1465,0
Romania,2018,128508,0
Romania,2019,88887,1
Romania,2020,54401,3
Romania,2021,46259,0
Romania,2022,40018,0
Romania,2023,73460,1
Romania,2024,66980,0
Romania,2025,56846,0
Russia,2018,1753874,121
Russia,2019,1025494,46
Russia,2020,699909,56
Russia,2021,788146,26
Russia,2022,2909261,97
Russia,2023,2047719,227
Russia,2024,1764261,4803
Russia,2025,1243370,1797
Rwanda,2015,38648,4
Rwanda,2016,36433,8
Rwanda,2017,29183,4
Rwanda,2018,24324,49
Rwanda,2019,23792,85
Rwanda,2020,19096,63
Rwanda,2021,18505,31
Rwanda,2022,20521,16
Rwanda,2023,19625,8
Rwanda,2024,19962,11
Rwanda,2025,24506,19
"Saint Helena, Ascension and Tristan da Cunha",2020,154,0
"Saint Helena, Ascension and Tristan da Cunha",2021,13,0
Saint Kitts and Nevis,2018,80,1
Saint Kitts and Nevis,2019,288,0
Saint Kitts and Nevis,2020,154,0
Saint Kitts and Nevis,2021,224,0
Saint Kitts and Nevis,2025,82,0
Saint Lucia,2018,780,0
Saint Lucia,2019,875,0
Saint Lucia,2020,343,0
Saint Lucia,2021,237,0
Saint Lucia,2022,335,0
Saint Lucia,2023,320,0
Saint Lucia,2024,276,1
Saint Lucia,2025,247,0
Saint Pierre and Miquelon,2021,7,0
Saint Pierre and Miquelon,2024,4,0
Saint Vincent and the Grenadines,2018,1284,0
Saint Vincent and the Grenadines,2019,1111,0
Saint Vincent and the Grenadines,2020,719,2
Saint Vincent and the Grenadines,2021,1476,0
Saint Vincent and the Grenadines,2022,639,0
Saint Vincent and the Grenadines,2023,1615,0
Saint Vincent and the Grenadines,2024,2180,0
Saint-Martin,2018,141,0
Saint-Martin,2019,88,0
Saint-Martin,2020,57,0
Saint-Martin,2021,57,0
Saint-Martin,2022,92,0
Saint-Martin,2023,54,0
Saint-Martin,2024,22,0
Saint-Martin,2025,43,0
Samoa,2021,1006,0
Samoa,2023,1185,0
Samoa,2024,2518,0
San Marino,2020,63,0
San Marino,2021,150,0
San Marino,2022,111,0
San Marino,2023,115,0
San Marino,2024,89,0
San Marino,2025,49,0
Sao Tome and Principe,2020,166,0
Sao Tome and Principe,2021,78,1
Sao Tome and Principe,2022,89,5
Sao Tome and Principe,2023,161,0
Sao Tome and Principe,2024,35,0
Sao Tome and Principe,2025,31,0
Saudi Arabia,2015,602280,878
Saudi Arabia,2016,936077,1215
Saudi Arabia,2017,390564,1430
Saudi Arabia,2018,609233,1514
Saudi Arabia,2019,326233,1006
Saudi Arabia,2020,126832,54
Saudi Arabia,2021,97442,20
Saudi Arabia,2022,66680,6
Saudi Arabia,2023,72427,193
Saudi Arabia,2024,43560,5
Saudi Arabia,2025,42128,1
Senegal,2015,23967,1
Senegal,2016,28078,18
Senegal,2017,26857,1
Senegal,2018,20275,29
Senegal,2019,8652,4
Senegal,2020,8035,3
Senegal,2021,11463,24
Senegal,2022,6441,22
Senegal,2023,19942,48
Senegal,2024,14419,19
Senegal,2025,5286,6
Serbia,2018,151661,5
Serbia,2019,61207,1
Serbia,2020,42591,0
Serbia,2021,45274,1
Serbia,2022,44294,0
Serbia,2023,115978,0
Serbia,2024,68016,3
Serbia,2025,52761,1
Seychelles,2020,1098,0
Seychelles,2021,1335,0
Seychelles,2022,858,0
Seychelles,2023,830,0
Seychelles,2024,634,2
Sierra Leone,2015,12711,2
Sierra Leone,2016,10499,7
Sierra Leone,2017,6690,5
Sierra Leone,2018,6435,10
Sierra Leone,2019,4464,13
Sierra Leone,2020,2926,31
Sierra Leone,2021,2526,2
Sierra Leone,2022,1612,24
Sierra Leone,2023,6062,32
Sierra Leone,2024,3119,4
Sierra Leone,2025,1172,6
Singapore,2020,34652,0
Singapore,2021,20088,0
Singapore,2022,14779,0
Singapore,2023,19259,0
Singapore,2024,16506,0
Singapore,2025,16768,0
Slovakia,2020,11693,0
Slovakia,2021,7021,0
Slovakia,2022,7281,2
Slovakia,2023,9718,0
Slovakia,2024,27022,1
Slovakia,2025,7989,0
Slovenia,2020,5169,0
Slovenia,2021,4543,0
Slovenia,2022,3313,0
Slovenia,2023,4453,0
Slovenia,2024,4627,0
Slovenia,2025,4390,0
Solomon Islands,2021,3709,5
Solomon Islands,2022,3521,1
Solomon Islands,2023,1066,1
Somalia,2015,196134,4136
Somalia,2016,239274,5938
Somalia,2017,231535,6076
Somalia,2018,120272,5752
Somalia,2019,81671,5029
Somalia,2020,38891,3479
Somalia,2021,34385,3398
Somalia,2022,32309,6599
Somalia,2023,32531,9154
Somalia,2024,22136,5557
Somalia,2025,22309,9366
South Africa,2015,239086,211
South Africa,2016,273237,139
South Africa,2017,228410,117
South Africa,2018,207440,114
South Africa,2019,166074,198
South Africa,2020,128422,183
South Africa,2021,164059,329
South Africa,2022,112016,292
South Africa,2023,138749,315
South Africa,2024,109227,283
South Africa,2025,93813,153
South Korea,2018,203783,0
South Korea,2019,135415,0
South Korea,2020,119346,0
South Korea,2021,85667,0
South Korea,2022,109991,0
South Korea,2023,130508,0
South Korea,2024,145431,0
South Korea,2025,113640,0
South Sudan,2015,56488,3567
South Sudan,2016,94728,3686
South Sudan,2017,53947,4859
South Sudan,2018,30731,1716
South Sudan,2019,10840,1801
South Sudan,2020,9679,2455
South Sudan,2021,7102,3725
South Sudan,2022,7122,3719
South Sudan,2023,9235,2943
South Sudan,2024,8729,2317
South Sudan,2025,18692,3070
Spain,2020,195914,0
Spain,2021,181694,4
Spain,2022,106024,0
Spain,2023,151507,0
Spain,2024,179718,1
Spain,2025,152776,2
Sri Lanka,2015,59581,9
Sri Lanka,2016,52020,4
Sri Lanka,2017,47734,2
Sri Lanka,2018,59902,26
Sri Lanka,2019,176063,304
Sri Lanka,2020,36290,34
Sri Lanka,2021,31708,5
Sri Lanka,2022,47633,12
Sri Lanka,2023,19256,7
Sri Lanka,2024,21204,5
Sri Lanka,2025,18609,8
Sudan,2015,98999,3496
Sudan,2016,137929,3904
Sudan,2017,99800,1304
Sudan,2018,67456,1054
Sudan,2019,134321,773
Sudan,2020,47497,959
Sudan,2021,61965,1657
Sudan,2022,34968,2139
Sudan,2023,271456,17011
Sudan,2024,66986,16641
Sudan,2025,90600,17510
Suriname,2018,1561,1
Suriname,2019,2971,7
Suriname,2020,1493,1
Suriname,2021,1319,1
Suriname,2022,802,0
Suriname,2023,1374,2
Suriname,2024,2123,0
Suriname,2025,1292,0
Sweden,2020,82991,1
Sweden,2021,54024,0
Sweden,2022,56452,0
Sweden,2023,147922,0
Sweden,2024,141409,0
Sweden,2025,132413,1
Switzerland,2020,51471,0
Switzerland,2021,40165,0
Switzerland,2022,40616,2
Switzerland,2023,41352,0
Switzerland,2024,45874,0
Switzerland,2025,36609,0
Syria,2017,1934303,54122
Syria,2018,1563402,30210
Syria,2019,736446,15592
Syria,2020,290817,8447
Syria,2021,142787,6108
Syria,2022,135379,6091
Syria,2023,191648,6297
Syria,2024,307546,7116
Syria,2025,227672,7779
Taiwan,2018,40598,0
Taiwan,2019,26394,0
Taiwan,2020,35259,0
Taiwan,2021,44686,0
Taiwan,2022,59681,0
Taiwan,2023,50394,0
Taiwan,2024,38774,0
Taiwan,2025,28117,0
Tajikistan,2018,13470,64
Tajikistan,2019,8610,66
Tajikistan,2020,5539,2
Tajikistan,2021,11330,20
Tajikistan,2022,7298,71
Tajikistan,2023,3678,6
Tajikistan,2024,6038,0
Tajikistan,2025,2565,10
Tanzania,2015,21814,35
Tanzania,2016,31305,46
Tanzania,2017,28301,280
Tanzania,2018,26692,41
Tanzania,2019,13793,42
Tanzania,2020,11910,51
Tanzania,2021,7425,44
Tanzania,2022,4103,39
Tanzania,2023,7674,23
Tanzania,2024,5227,34
Tanzania,2025,10920,118
Thailand,2015,165569,246
Thailand,2016,143393,253
Thailand,2017,97449,162
Thailand,2018,85727,117
Thailand,2019,66948,174
Thailand,2020,75791,101
Thailand,2021,66086,66
Thailand,2022,37115,43
Thailand,2023,54957,57
Thailand,2024,52402,50
Thailand,2025,95557,85
Togo,2015,3406,8
Togo,2016,5082,5
Togo,2017,7734,44
Togo,2018,5396,6
Togo,2019,3334,9
Togo,2020,1615,14
Togo,2021,1837,4
Togo,2022,2485,78
Togo,2023,1367,98
Togo,2024,1701,153
Togo,2025,1052,29
Tokelau,2021,6,0
Tonga,2021,814,0
Tonga,2024,758,0
Trinidad and Tobago,2018,10973,243
Trinidad and Tobago,2019,8842,181
Trinidad and Tobago,2020,5370,162
Trinidad and Tobago,2021,5424,186
Trinidad and Tobago,2022,4792,285
Trinidad and Tobago,2023,7257,333
Trinidad and Tobago,2024,8137,329
Trinidad and Tobago,2025,9140,170
Tunisia,2015,256174,161
Tunisia,2016,150020,120
Tunisia,2017,63780,27
Tunisia,2018,46767,34
Tunisia,2019,33365,30
Tunisia,2020,20430,15
Tunisia,2021,24538,19
Tunisia,2022,12219,1
Tunisia,2023,25185,9
Tunisia,2024,16262,3
Tunisia,2025,11141,2
Turkey,2016,2207087,4484
Turkey,2017,972055,2658
Turkey,2018,868667,983
Turkey,2019,670088,559
Turkey,2020,366319,359
Turkey,2021,197541,213
Turkey,2022,181825,199
Turkey,2023,207674,144
Turkey,2024,184986,55
Turkey,2025,196089,6
Turkmenistan,2018,4239,25
Turkmenistan,2019,4386,8
Turkmenistan,2020,3100,1
Turkmenistan,2021,2141,0
Turkmenistan,2022,1175,0
Turkmenistan,2023,1099,1
Turkmenistan,2025,1325,0
Turks and Caicos Islands,2018,375,0
Turks and Caicos Islands,2019,364,0
Turks and Caicos Islands,2020,235,0
Turks and Caicos Islands,2021,145,0
Tuvalu,2021,17,0
Uganda,2015,45363,29
Uganda,2016,83580,278
Uganda,2017,53668,66
Uganda,2018,55355,146
Uganda,2019,37057,162
Uganda,2020,27071,297
Uganda,2021,28351,500
Uganda,2022,16305,363
Uganda,2023,32953,367
Uganda,2024,17221,243
Uganda,2025,17363,191
Ukraine,2018,566905,884
Ukraine,2019,464871,398
Ukraine,2020,319763,121
Ukraine,2021,274249,149
Ukraine,2022,2419251,40573
Ukraine,2023,1761947,39762
Ukraine,2024,1341329,73570
Ukraine,2025,1022795,73018
United Arab Emirates,2017,102618,0
United Arab Emirates,2018,56232,0
United Arab Emirates,2019,50576,0
United Arab Emirates,2020,40906,2
United Arab Emirates,2021,31462,0
United Arab Emirates,2022,24948,3
United Arab Emirates,2023,29951,0
United Arab Emirates,2024,26361,1
United Arab Emirates,2025,19909,0
United Kingdom,2020,995462,5
United Kingdom,2021,920329,5
United Kingdom,2022,721253,0
United Kingdom,2023,953409,1
United Kingdom,2024,975819,0
United Kingdom,2025,842863,3
United States,2020,8044916,74
United States,2021,7172497,87
United States,2022,5570550,98
United States,2023,7016959,66
United States,2024,6556999,33
United States,2025,5947931,50
Uruguay,2018,11667,0
Uruguay,2019,10653,3
Uruguay,2020,7468,2
Uruguay,2021,5095,0
Uruguay,2022,4297,1
Uruguay,2023,5502,1
Uruguay,2024,5720,0
Uruguay,2025,4799,0
Uzbekistan,2018,12134,2
Uzbekistan,2019,7735,3
Uzbekistan,2020,7466,4
Uzbekistan,2021,8022,4
Uzbekistan,2022,4791,29
Uzbekistan,2023,9090,3
Uzbekistan,2024,5573,2
Uzbekistan,2025,4515,5
Vanuatu,2021,420,0
Vanuatu,2022,173,1
Vanuatu,2023,621,0
Vanuatu,2024,827,0
Vatican City,2020,1558,0
Vatican City,2021,3103,0
Vatican City,2022,866,0
Vatican City,2023,2894,0
Vatican City,2024,1960,0
Venezuela,2018,179830,3047
Venezuela,2019,280236,3262
Venezuela,2020,90910,2557
Venezuela,2021,61678,1710
Venezuela,2022,46189,1074
Venezuela,2023,58376,783
Venezuela,2024,112310,566
Venezuela,2025,215783,424
Vietnam,2015,77021,3
Vietnam,2016,119899,2
Vietnam,2017,110671,3
Vietnam,2018,136608,3
Vietnam,2019,89778,1
Vietnam,2020,53723,4
Vietnam,2021,40275,0
Vietnam,2022,27466,0
Vietnam,2023,67424,11
Vietnam,2024,40332,1
Vietnam,2025,32075,0
"Virgin Islands, U.S.",2018,986,0
"Virgin Islands, U.S.",2019,1190,0
"Virgin Islands, U.S.",2020,1105,0
"Virgin Islands, U.S.",2021,2789,0
Wallis and Futuna,2021,0,0
Yemen,2015,684243,17466
Yemen,2016,490111,15648
Yemen,2017,476830,17634
Yemen,2018,278907,34247
Yemen,2019,117451,27858
Yemen,2020,59324,19723
Yemen,2021,67550,18368
Yemen,2022,40711,6596
Yemen,2023,47930,2664
Yemen,2024,114323,3007
Yemen,2025,76877,2784
Zambia,2015,11037,8
Zambia,2016,15816,6
Zambia,2017,17567,2
Zambia,2018,12605,17
Zambia,2019,7275,11
Zambia,2020,6161,40
Zambia,2021,4966,16
Zambia,2022,5614,12
Zambia,2023,4633,15
Zambia,2024,4555,10
Zambia,2025,3143,17
Zimbabwe,2015,94987,19
Zimbabwe,2016,91004,7
Zimbabwe,2017,97207,9
Zimbabwe,2018,97003,27
Zimbabwe,2019,62067,42
Zimbabwe,2020,38785,21
Zimbabwe,2021,24815,22
Zimbabwe,2022,17662,33
Zimbabwe,2023,30609,40
Zimbabwe,2024,29483,18
Zimbabwe,2025,17522,7
eSwatini,2015,3548,3
eSwatini,2016,2372,0
eSwatini,2017,1351,0
eSwatini,2018,1576,0
eSwatini,2019,1570,3
eSwatini,2020,790,6
eSwatini,2021,2290,46
eSwatini,2022,914,33
eSwatini,2023,1610,32
eSwatini,2024,770,10
eSwatini,2025,801,2
