mention_week,conflict_country_name,conflict_continent,material_conflict_mentions
2015-02-16,Ukraine,Europe,12186
2015-02-16,Australia,Oceania,9826
2015-02-16,United States,North America,9795
2015-02-23,Australia,Oceania,23188
2015-02-23,United States,North America,21908
2015-02-23,Russia,Europe,21052
2015-03-02,United States,North America,23926
2015-03-02,Australia,Oceania,21717
2015-03-02,Russia,Europe,19812
2015-03-09,United States,North America,24105
2015-03-09,Australia,Oceania,18523
2015-03-09,Iraq,Asia,14116
2015-03-16,United States,North America,23595
2015-03-16,Australia,Oceania,20903
2015-03-16,Tunisia,Africa,15868
2015-03-23,United States,North America,18049
2015-03-23,Australia,Oceania,16790
2015-03-23,United Kingdom,Europe,13187
2015-03-30,United States,North America,20931
2015-03-30,Kenya,Africa,17233
2015-03-30,Australia,Oceania,17226
2015-04-06,United States,North America,24986
2015-04-06,Australia,Oceania,18552
2015-04-06,Syria,Asia,9889
2015-04-13,Australia,Oceania,22915
2015-04-13,United States,North America,22829
2015-04-13,Ukraine,Europe,12820
2015-04-20,Australia,Oceania,27219
2015-04-20,United States,North America,22722
2015-04-20,United Kingdom,Europe,15067
2015-04-27,Australia,Oceania,30331
2015-04-27,United States,North America,24803
2015-04-27,Indonesia,Asia,24257
2015-05-04,United States,North America,24492
2015-05-04,Australia,Oceania,18087
2015-05-04,United Kingdom,Europe,14866
2015-05-11,United States,North America,20635
2015-05-11,Australia,Oceania,15942
2015-05-11,United Kingdom,Europe,11699
2015-05-18,United States,North America,22603
2015-05-18,Australia,Oceania,17604
2015-05-18,Syria,Asia,13128
2015-05-25,United States,North America,18189
2015-05-25,Australia,Oceania,17603
2015-05-25,Syria,Asia,12354
2015-06-01,Australia,Oceania,18247
2015-06-01,United States,North America,17136
2015-06-01,Ukraine,Europe,13368
2015-06-08,United States,North America,25449
2015-06-08,Australia,Oceania,18958
2015-06-08,United Kingdom,Europe,11938
2015-06-15,United States,North America,31600
2015-06-15,Australia,Oceania,18470
2015-06-15,United Kingdom,Europe,10372
2015-06-22,United States,North America,29715
2015-06-22,Australia,Oceania,23252
2015-06-22,Tunisia,Africa,16483
2015-06-29,United States,North America,19016
2015-06-29,Australia,Oceania,18844
2015-06-29,United Kingdom,Europe,16165
2015-07-06,Australia,Oceania,21018
2015-07-06,United States,North America,20493
2015-07-06,United Kingdom,Europe,15616
2015-07-13,United States,North America,29341
2015-07-13,Australia,Oceania,22852
2015-07-13,Ukraine,Europe,12836
2015-07-20,Turkey,Asia,29294
2015-07-20,United States,North America,25711
2015-07-20,Syria,Asia,19249
2015-07-27,United States,North America,25745
2015-07-27,Turkey,Asia,24727
2015-07-27,Australia,Oceania,19384
2015-08-03,United States,North America,24911
2015-08-03,Australia,Oceania,15115
2015-08-03,Israel,Asia,12236
2015-08-10,United States,North America,29208
2015-08-10,Australia,Oceania,19049
2015-08-10,Turkey,Asia,18705
2015-08-17,Australia,Oceania,23378
2015-08-17,United States,North America,21758
2015-08-17,United Kingdom,Europe,12035
2015-08-24,United States,North America,31816
2015-08-24,Australia,Oceania,26798
2015-08-24,Ukraine,Europe,11026
2015-08-31,Australia,Oceania,23754
2015-08-31,United States,North America,19223
2015-08-31,Syria,Asia,13271
2015-09-07,Australia,Oceania,20903
2015-09-07,United States,North America,18574
2015-09-07,Turkey,Asia,17256
2015-09-14,United States,North America,23181
2015-09-14,Australia,Oceania,21951
2015-09-14,United Kingdom,Europe,12406
2015-09-21,Australia,Oceania,20504
2015-09-21,United States,North America,17686
2015-09-21,Russia,Europe,10900
2015-09-28,United States,North America,37142
2015-09-28,Russia,Europe,32909
2015-09-28,Australia,Oceania,29652
2015-10-05,Israel,Asia,39342
2015-10-05,Russia,Europe,33808
2015-10-05,Australia,Oceania,32087
2015-10-12,Israel,Asia,42389
2015-10-12,Australia,Oceania,31336
2015-10-12,Russia,Europe,25172
2015-10-19,Australia,Oceania,24027
2015-10-19,Israel,Asia,21944
2015-10-19,United States,North America,15054
2015-10-26,Australia,Oceania,50571
2015-10-26,United States,North America,22967
2015-10-26,Israel,Asia,17003
2015-11-02,United States,North America,21940
2015-11-02,Australia,Oceania,19783
2015-11-02,Russia,Europe,19644
2015-11-09,France,Europe,42902
2015-11-09,Australia,Oceania,22959
2015-11-09,United States,North America,21133
2015-11-16,France,Europe,72945
2015-11-16,Syria,Asia,24147
2015-11-16,Australia,Oceania,23705
2015-11-23,Russia,Europe,52805
2015-11-23,Turkey,Asia,47711
2015-11-23,France,Europe,31391
2015-11-30,United States,North America,49345
2015-11-30,Australia,Oceania,25601
2015-11-30,Russia,Europe,19913
2015-12-07,Australia,Oceania,32888
2015-12-07,United States,North America,30157
2015-12-07,Russia,Europe,17812
2015-12-14,United States,North America,24321
2015-12-14,Australia,Oceania,18027
2015-12-14,Russia,Europe,15008
2015-12-21,United States,North America,17488
2015-12-21,Syria,Asia,14462
2015-12-21,Israel,Asia,14249
2015-12-28,United States,North America,18242
2015-12-28,Saudi Arabia,Asia,12320
2015-12-28,Australia,Oceania,11359
2016-01-04,United States,North America,26012
2016-01-04,Saudi Arabia,Asia,21759
2016-01-04,Iran,Asia,20374
2016-01-11,United States,North America,25278
2016-01-11,Australia,Oceania,23973
2016-01-11,Turkey,Asia,20966
2016-01-18,United States,North America,21318
2016-01-18,Australia,Oceania,18764
2016-01-18,United Kingdom,Europe,14204
2016-01-25,United States,North America,23318
2016-01-25,Australia,Oceania,17342
2016-01-25,United Kingdom,Europe,11762
2016-02-01,United States,North America,24179
2016-02-01,Australia,Oceania,20556
2016-02-01,Syria,Asia,17902
2016-02-08,United States,North America,22783
2016-02-08,Syria,Asia,21397
2016-02-08,Australia,Oceania,17578
2016-02-15,Turkey,Asia,26106
2016-02-15,United States,North America,25814
2016-02-15,Syria,Asia,23577
2016-02-22,United States,North America,25953
2016-02-22,Syria,Asia,20387
2016-02-22,Australia,Oceania,18664
2016-02-29,Australia,Oceania,23611
2016-02-29,United States,North America,23466
2016-02-29,Russia,Europe,12396
2016-03-07,United States,North America,26719
2016-03-07,Australia,Oceania,19090
2016-03-07,Israel,Asia,12267
2016-03-14,Turkey,Asia,27098
2016-03-14,United States,North America,23437
2016-03-14,France,Europe,15867
2016-03-21,Belgium,Europe,62242
2016-03-21,France,Europe,25527
2016-03-21,United States,North America,23034
2016-03-28,United States,North America,22794
2016-03-28,Australia,Oceania,17001
2016-03-28,Belgium,Europe,14347
2016-04-04,Australia,Oceania,23374
2016-04-04,United States,North America,20305
2016-04-04,Syria,Asia,14818
2016-04-11,Australia,Oceania,23029
2016-04-11,United States,North America,20099
2016-04-11,Syria,Asia,13015
2016-04-18,United States,North America,21579
2016-04-18,Syria,Asia,15780
2016-04-18,Australia,Oceania,13644
2016-04-25,United States,North America,31167
2016-04-25,Syria,Asia,19689
2016-04-25,Australia,Oceania,15829
2016-05-02,United States,North America,30997
2016-05-02,Syria,Asia,26133
2016-05-02,United Kingdom,Europe,15079
2016-05-09,United States,North America,26105
2016-05-09,United Kingdom,Europe,18491
2016-05-09,Syria,Asia,16978
2016-05-16,United States,North America,29967
2016-05-16,United Kingdom,Europe,14388
2016-05-16,Australia,Oceania,12021
2016-05-23,United States,North America,36133
2016-05-23,Saudi Arabia,Asia,22916
2016-05-23,United Kingdom,Europe,18249
2016-05-30,United States,North America,37358
2016-05-30,Saudi Arabia,Asia,25142
2016-05-30,Syria,Asia,14689
2016-06-06,United States,North America,54208
2016-06-06,Saudi Arabia,Asia,22330
2016-06-06,United Kingdom,Europe,14489
2016-06-13,United States,North America,76610
2016-06-13,United Kingdom,Europe,30286
2016-06-13,Saudi Arabia,Asia,24293
2016-06-20,United States,North America,35488
2016-06-20,United Kingdom,Europe,24007
2016-06-20,Saudi Arabia,Asia,23045
2016-06-27,Turkey,Asia,40524
2016-06-27,United States,North America,32693
2016-06-27,Saudi Arabia,Asia,24003
2016-07-04,United States,North America,99091
2016-07-04,Saudi Arabia,Asia,29252
2016-07-04,United Kingdom,Europe,17941
2016-07-11,United States,North America,69365
2016-07-11,Turkey,Asia,48888
2016-07-11,France,Europe,24914
2016-07-18,United States,North America,57794
2016-07-18,Turkey,Asia,31270
2016-07-18,Germany,Europe,30318
2016-07-25,United States,North America,52886
2016-07-25,France,Europe,30226
2016-07-25,Saudi Arabia,Asia,25469
2016-08-01,United States,North America,40339
2016-08-01,Saudi Arabia,Asia,22686
2016-08-01,Syria,Asia,22179
2016-08-08,United States,North America,43069
2016-08-08,Pakistan,Asia,26082
2016-08-08,United Kingdom,Europe,26051
2016-08-15,United States,North America,43667
2016-08-15,Afghanistan,Asia,27377
2016-08-15,Turkey,Asia,26027
2016-08-22,United States,North America,38777
2016-08-22,Turkey,Asia,34507
2016-08-22,Pakistan,Asia,26329
2016-08-29,United States,North America,29630
2016-08-29,Saudi Arabia,Asia,25141
2016-08-29,Australia,Oceania,18863
2016-09-05,United States,North America,33063
2016-09-05,Australia,Oceania,18295
2016-09-05,Syria,Asia,17393
2016-09-12,United States,North America,37624
2016-09-12,Syria,Asia,24764
2016-09-12,United Kingdom,Europe,19321
2016-09-19,United States,North America,64163
2016-09-19,Syria,Asia,30896
2016-09-19,United Kingdom,Europe,15797
2016-09-26,United States,North America,44790
2016-09-26,Syria,Asia,21829
2016-09-26,Russia,Europe,18208
2016-10-03,United States,North America,39262
2016-10-03,Syria,Asia,21262
2016-10-03,Russia,Europe,17893
2016-10-10,United States,North America,34144
2016-10-10,Syria,Asia,20749
2016-10-10,Russia,Europe,17082
2016-10-17,United States,North America,31041
2016-10-17,Iraq,Asia,27329
2016-10-17,Syria,Asia,22876
2016-10-24,United States,North America,27277
2016-10-24,Syria,Asia,20354
2016-10-24,Iraq,Asia,17091
2016-10-31,United States,North America,35993
2016-10-31,Turkey,Asia,17480
2016-10-31,Iraq,Asia,17039
2016-11-07,United States,North America,44223
2016-11-07,United Kingdom,Europe,14250
2016-11-07,Australia,Oceania,12656
2016-11-14,United States,North America,34844
2016-11-14,Syria,Asia,16671
2016-11-14,Australia,Oceania,15762
2016-11-21,United States,North America,30893
2016-11-21,United Kingdom,Europe,17465
2016-11-21,Syria,Asia,13729
2016-11-28,United States,North America,32999
2016-11-28,Syria,Asia,15650
2016-11-28,Australia,Oceania,14677
2016-12-05,United States,North America,31368
2016-12-05,Syria,Asia,23704
2016-12-05,United Kingdom,Europe,17159
2016-12-12,Syria,Asia,33639
2016-12-12,United States,North America,25899
2016-12-12,United Kingdom,Europe,18384
2016-12-19,Turkey,Asia,40560
2016-12-19,Russia,Europe,34763
2016-12-19,Germany,Europe,32537
2016-12-26,United States,North America,23207
2016-12-26,Russia,Europe,22740
2016-12-26,Turkey,Asia,18794
2017-01-02,United States,North America,32166
2017-01-02,Turkey,Asia,27231
2017-01-02,Syria,Asia,13622
2017-01-09,United States,North America,34685
2017-01-09,United Kingdom,Europe,15405
2017-01-09,Australia,Oceania,12388
2017-01-16,United States,North America,43216
2017-01-16,United Kingdom,Europe,20072
2017-01-16,Australia,Oceania,12175
2017-01-23,United States,North America,43478
2017-01-23,United Kingdom,Europe,20018
2017-01-23,Syria,Asia,12495
2017-01-30,United States,North America,55646
2017-01-30,United Kingdom,Europe,18698
2017-01-30,Canada,North America,16779
2017-02-06,United States,North America,45083
2017-02-06,United Kingdom,Europe,16754
2017-02-06,Australia,Oceania,14966
2017-02-13,United States,North America,38525
2017-02-13,Australia,Oceania,18672
2017-02-13,United Kingdom,Europe,14267
2017-02-20,United States,North America,35157
2017-02-20,United Kingdom,Europe,15507
2017-02-20,Australia,Oceania,14807
2017-02-27,United States,North America,34965
2017-02-27,Syria,Asia,16603
2017-02-27,Australia,Oceania,15047
2017-03-06,United States,North America,38172
2017-03-06,Australia,Oceania,16013
2017-03-06,Turkey,Asia,15801
2017-03-13,United States,North America,32423
2017-03-13,France,Europe,19370
2017-03-13,Syria,Asia,14907
2017-03-20,United Kingdom,Europe,52948
2017-03-20,United States,North America,35248
2017-03-20,Russia,Europe,14552
2017-03-27,United States,North America,31659
2017-03-27,United Kingdom,Europe,19105
2017-03-27,Russia,Europe,15947
2017-04-03,Syria,Asia,74031
2017-04-03,United States,North America,46997
2017-04-03,Russia,Europe,35009
2017-04-10,United States,North America,41067
2017-04-10,Syria,Asia,37760
2017-04-10,Russia,Europe,18612
2017-04-17,United States,North America,37448
2017-04-17,France,Europe,27450
2017-04-17,Russia,Europe,14178
2017-04-24,United States,North America,36677
2017-04-24,United Kingdom,Europe,20055
2017-04-24,Syria,Asia,14106
2017-05-01,United States,North America,33920
2017-05-01,United Kingdom,Europe,13077
2017-05-01,France,Europe,11533
2017-05-08,United States,North America,30503
2017-05-08,United Kingdom,Europe,13510
2017-05-08,Australia,Oceania,12579
2017-05-15,United States,North America,33020
2017-05-15,Australia,Oceania,14600
2017-05-15,United Kingdom,Europe,14291
2017-05-22,United Kingdom,Europe,36787
2017-05-22,United States,North America,30745
2017-05-22,Australia,Oceania,12529
2017-05-29,United Kingdom,Europe,33563
2017-05-29,United States,North America,28936
2017-05-29,Australia,Oceania,16240
2017-06-05,United Kingdom,Europe,38321
2017-06-05,United States,North America,31010
2017-06-05,Australia,Oceania,22119
2017-06-12,United States,North America,42929
2017-06-12,United Kingdom,Europe,20125
2017-06-12,Russia,Europe,15637
2017-06-19,United States,North America,36789
2017-06-19,United Kingdom,Europe,23866
2017-06-19,Syria,Asia,18209
2017-06-26,United States,North America,34561
2017-06-26,Syria,Asia,15215
2017-06-26,United Kingdom,Europe,15051
2017-07-03,United States,North America,30154
2017-07-03,Germany,Europe,13751
2017-07-03,United Kingdom,Europe,10396
2017-07-10,United States,North America,29701
2017-07-10,United Kingdom,Europe,14347
2017-07-10,Israel,Asia,12043
2017-07-17,United States,North America,30752
2017-07-17,Israel,Asia,27794
2017-07-17,United Kingdom,Europe,11847
2017-07-24,United States,North America,30435
2017-07-24,Israel,Asia,20440
2017-07-24,Russia,Europe,12930
2017-07-31,United States,North America,34012
2017-07-31,United Kingdom,Europe,15648
2017-07-31,Australia,Oceania,15068
2017-08-07,United States,North America,31407
2017-08-07,United Kingdom,Europe,15010
2017-08-07,Australia,Oceania,10515
2017-08-14,United States,North America,43688
2017-08-14,Spain,Europe,38655
2017-08-14,Australia,Oceania,14197
2017-08-21,United States,North America,36648
2017-08-21,Spain,Europe,24163
2017-08-21,United Kingdom,Europe,12646
2017-08-28,United States,North America,22542
2017-08-28,Russia,Europe,9007
2017-08-28,United Kingdom,Europe,8940
2017-09-04,United States,North America,32186
2017-09-04,United Kingdom,Europe,12525
2017-09-04,Russia,Europe,12032
2017-09-11,United States,North America,33747
2017-09-11,United Kingdom,Europe,21748
2017-09-11,Russia,Europe,10925
2017-09-18,United States,North America,30787
2017-09-18,United Kingdom,Europe,18773
2017-09-18,Russia,Europe,11047
2017-09-25,United States,North America,27593
2017-09-25,United Kingdom,Europe,13015
2017-09-25,Russia,Europe,11128
2017-10-02,United States,North America,54108
2017-10-02,United Kingdom,Europe,13114
2017-10-02,Myanmar,Asia,12799
2017-10-09,United States,North America,41504
2017-10-09,United Kingdom,Europe,13501
2017-10-09,Syria,Asia,8939
2017-10-16,United States,North America,44549
2017-10-16,United Kingdom,Europe,17039
2017-10-16,Afghanistan,Asia,11208
2017-10-23,United States,North America,32173
2017-10-23,United Kingdom,Europe,13917
2017-10-23,Russia,Europe,12398
2017-10-30,United States,North America,51806
2017-10-30,United Kingdom,Europe,13259
2017-10-30,Russia,Europe,12626
2017-11-06,United States,North America,56982
2017-11-06,United Kingdom,Europe,13070
2017-11-06,Saudi Arabia,Asia,8794
2017-11-13,United States,North America,36356
2017-11-13,United Kingdom,Europe,12291
2017-11-13,Russia,Europe,8613
2017-11-20,United States,North America,32349
2017-11-20,United Kingdom,Europe,13070
2017-11-20,Egypt,Africa,12431
2017-11-27,United States,North America,33856
2017-11-27,United Kingdom,Europe,18020
2017-11-27,Russia,Europe,11546
2017-12-04,United States,North America,39288
2017-12-04,Israel,Asia,34167
2017-12-04,United Kingdom,Europe,14596
2017-12-11,United States,North America,36009
2017-12-11,Israel,Asia,18068
2017-12-11,United Kingdom,Europe,13203
2017-12-18,United States,North America,30339
2017-12-18,United Kingdom,Europe,15831
2017-12-18,Israel,Asia,10890
2017-12-25,United States,North America,25452
2017-12-25,Egypt,Africa,11170
2017-12-25,Russia,Europe,11049
2018-01-01,United States,North America,32725
2018-01-01,Iran,Asia,13126
2018-01-01,United Kingdom,Europe,12630
2018-01-08,United States,North America,32435
2018-01-08,United Kingdom,Europe,15211
2018-01-08,Russia,Europe,8694
2018-01-15,United States,North America,34785
2018-01-15,United Kingdom,Europe,13806
2018-01-15,Turkey,Asia,10542
2018-01-22,United States,North America,37727
2018-01-22,United Kingdom,Europe,15936
2018-01-22,Turkey,Asia,13642
2018-01-29,United States,North America,29392
2018-01-29,Syria,Asia,15225
2018-01-29,United Kingdom,Europe,14920
2018-02-05,United States,North America,27204
2018-02-05,Syria,Asia,21152
2018-02-05,United Kingdom,Europe,15147
2018-02-12,United States,North America,53049
2018-02-12,United Kingdom,Europe,14140
2018-02-12,Australia,Oceania,14082
2018-02-19,United States,North America,53183
2018-02-19,Syria,Asia,23012
2018-02-19,United Kingdom,Europe,15056
2018-02-26,United States,North America,43755
2018-02-26,Syria,Asia,19156
2018-02-26,United Kingdom,Europe,14853
2018-03-05,United States,North America,35204
2018-03-05,Russia,Europe,18478
2018-03-05,United Kingdom,Europe,17446
2018-03-12,United States,North America,35118
2018-03-12,Russia,Europe,27414
2018-03-12,United Kingdom,Europe,21487
2018-03-19,United States,North America,39404
2018-03-19,Russia,Europe,16906
2018-03-19,United Kingdom,Europe,15666
2018-03-26,Russia,Europe,45677
2018-03-26,United States,North America,32572
2018-03-26,United Kingdom,Europe,22640
2018-04-02,United States,North America,38314
2018-04-02,United Kingdom,Europe,17799
2018-04-02,Russia,Europe,16065
2018-04-09,Syria,Asia,68717
2018-04-09,United States,North America,40339
2018-04-09,Russia,Europe,33416
2018-04-16,United States,North America,43013
2018-04-16,United Kingdom,Europe,21663
2018-04-16,Syria,Asia,20530
2018-04-23,United States,North America,40639
2018-04-23,United Kingdom,Europe,14750
2018-04-23,Israel,Asia,9777
2018-04-30,United States,North America,35087
2018-04-30,United Kingdom,Europe,14876
2018-04-30,Afghanistan,Asia,11326
2018-05-07,United States,North America,33864
2018-05-07,Israel,Asia,20480
2018-05-07,Iran,Asia,16996
2018-05-14,Israel,Asia,41622
2018-05-14,United States,North America,38762
2018-05-14,United Kingdom,Europe,12310
2018-05-21,United States,North America,34513
2018-05-21,United Kingdom,Europe,11786
2018-05-21,Australia,Oceania,11680
2018-05-28,United States,North America,30374
2018-05-28,Israel,Asia,17308
2018-05-28,Russia,Europe,16563
2018-06-04,United States,North America,30577
2018-06-04,United Kingdom,Europe,14302
2018-06-04,Australia,Oceania,8622
2018-06-11,United States,North America,27490
2018-06-11,United Kingdom,Europe,15485
2018-06-11,Australia,Oceania,8492
2018-06-18,United States,North America,29971
2018-06-18,United Kingdom,Europe,13341
2018-06-18,Australia,Oceania,12067
2018-06-25,United States,North America,40077
2018-06-25,United Kingdom,Europe,13211
2018-06-25,Australia,Oceania,12252
2018-07-02,United States,North America,26410
2018-07-02,Australia,Oceania,13754
2018-07-02,United Kingdom,Europe,11639
2018-07-09,United States,North America,25950
2018-07-09,Israel,Asia,14755
2018-07-09,United Kingdom,Europe,11530
2018-07-16,United States,North America,38986
2018-07-16,Russia,Europe,15086
2018-07-16,United Kingdom,Europe,13840
2018-07-23,United States,North America,36266
2018-07-23,Israel,Asia,13941
2018-07-23,Australia,Oceania,13558
2018-07-30,United States,North America,37503
2018-07-30,Australia,Oceania,14401
2018-07-30,Russia,Europe,13189
2018-08-06,United States,North America,41375
2018-08-06,Israel,Asia,17100
2018-08-06,United Kingdom,Europe,14370
2018-08-13,United States,North America,33710
2018-08-13,United Kingdom,Europe,20246
2018-08-13,Australia,Oceania,15737
2018-08-20,United States,North America,45673
2018-08-20,Russia,Europe,16228
2018-08-20,Australia,Oceania,14067
2018-08-27,United States,North America,34901
2018-08-27,Australia,Oceania,17285
2018-08-27,United Kingdom,Europe,16495
2018-09-03,United States,North America,32641
2018-09-03,Russia,Europe,17509
2018-09-03,United Kingdom,Europe,17188
2018-09-10,United States,North America,45452
2018-09-10,Russia,Europe,14973
2018-09-10,United Kingdom,Europe,13590
2018-09-17,United States,North America,42592
2018-09-17,Russia,Europe,16206
2018-09-17,Australia,Oceania,15125
2018-09-24,United States,North America,42815
2018-09-24,Australia,Oceania,13905
2018-09-24,United Kingdom,Europe,11400
2018-10-01,United States,North America,44785
2018-10-01,United Kingdom,Europe,13744
2018-10-01,Australia,Oceania,13267
2018-10-08,United States,North America,35715
2018-10-08,Australia,Oceania,13066
2018-10-08,Turkey,Asia,12299
2018-10-15,United States,North America,37291
2018-10-15,Saudi Arabia,Asia,26918
2018-10-15,United Kingdom,Europe,16374
2018-10-22,United States,North America,43264
2018-10-22,Saudi Arabia,Asia,22713
2018-10-22,Australia,Oceania,14948
2018-10-29,United States,North America,53979
2018-10-29,Australia,Oceania,20608
2018-10-29,United Kingdom,Europe,17644
2018-11-05,United States,North America,58921
2018-11-05,Australia,Oceania,20966
2018-11-05,United Kingdom,Europe,16418
2018-11-12,United States,North America,42763
2018-11-12,Israel,Asia,26144
2018-11-12,Australia,Oceania,21379
2018-11-19,United States,North America,42650
2018-11-19,United Kingdom,Europe,16973
2018-11-19,Australia,Oceania,11403
2018-11-26,United States,North America,35212
2018-11-26,Russia,Europe,28551
2018-11-26,Ukraine,Europe,27254
2018-12-03,United States,North America,28384
2018-12-03,United Kingdom,Europe,13896
2018-12-03,France,Europe,13188
2018-12-10,United States,North America,31417
2018-12-10,France,Europe,24954
2018-12-10,Russia,Europe,14191
2018-12-17,United States,North America,32543
2018-12-17,United Kingdom,Europe,16395
2018-12-17,Russia,Europe,9837
2018-12-24,United States,North America,26119
2018-12-24,United Kingdom,Europe,10630
2018-12-24,Russia,Europe,8650
2018-12-31,United States,North America,23571
2018-12-31,United Kingdom,Europe,14061
2018-12-31,Russia,Europe,9049
2019-01-07,United States,North America,30405
2019-01-07,United Kingdom,Europe,10621
2019-01-07,France,Europe,7887
2019-01-14,United States,North America,31470
2019-01-14,United Kingdom,Europe,11666
2019-01-14,Russia,Europe,10657
2019-01-21,United States,North America,32476
2019-01-21,United Kingdom,Europe,15294
2019-01-21,Russia,Europe,10630
2019-01-28,United States,North America,29606
2019-01-28,United Kingdom,Europe,14269
2019-01-28,Russia,Europe,8943
2019-02-04,United States,North America,31546
2019-02-04,United Kingdom,Europe,13475
2019-02-04,Russia,Europe,8999
2019-02-11,United States,North America,35223
2019-02-11,United Kingdom,Europe,16537
2019-02-11,Russia,Europe,9088
2019-02-18,United States,North America,25937
2019-02-18,United Kingdom,Europe,17103
2019-02-18,Venezuela,South America,10017
2019-02-25,United States,North America,30158
2019-02-25,Pakistan,Asia,25683
2019-02-25,United Kingdom,Europe,21373
2019-03-04,United States,North America,30435
2019-03-04,United Kingdom,Europe,23052
2019-03-04,Pakistan,Asia,8029
2019-03-11,United States,North America,31767
2019-03-11,New Zealand,Oceania,19024
2019-03-11,Australia,Oceania,18872
2019-03-18,United States,North America,27356
2019-03-18,New Zealand,Oceania,19093
2019-03-18,United Kingdom,Europe,14059
2019-03-25,United States,North America,30715
2019-03-25,Israel,Asia,26111
2019-03-25,United Kingdom,Europe,17552
2019-04-01,United States,North America,29931
2019-04-01,United Kingdom,Europe,19317
2019-04-01,Libya,Africa,7190
2019-04-08,United States,North America,34374
2019-04-08,United Kingdom,Europe,27030
2019-04-08,Australia,Oceania,10100
2019-04-15,United States,North America,34596
2019-04-15,United Kingdom,Europe,22323
2019-04-15,France,Europe,15599
2019-04-22,United States,North America,35216
2019-04-22,Sri Lanka,Asia,28602
2019-04-22,United Kingdom,Europe,21166
2019-04-29,United States,North America,31949
2019-04-29,Israel,Asia,25739
2019-04-29,United Kingdom,Europe,23149
2019-05-06,United States,North America,38738
2019-05-06,United Kingdom,Europe,17139
2019-05-06,Israel,Asia,10947
2019-05-13,United States,North America,38518
2019-05-13,United Kingdom,Europe,15697
2019-05-13,Australia,Oceania,8507
2019-05-20,United States,North America,37082
2019-05-20,United Kingdom,Europe,14843
2019-05-20,Russia,Europe,7310
2019-05-27,United States,North America,35308
2019-05-27,United Kingdom,Europe,13002
2019-05-27,France,Europe,7925
2019-06-03,United States,North America,36431
2019-06-03,United Kingdom,Europe,19571
2019-06-03,Australia,Oceania,10632
2019-06-10,United States,North America,28582
2019-06-10,United Kingdom,Europe,17929
2019-06-10,Russia,Europe,8537
2019-06-17,United States,North America,35391
2019-06-17,Iran,Asia,26905
2019-06-17,United Kingdom,Europe,13254
2019-06-24,United States,North America,41697
2019-06-24,Iran,Asia,13654
2019-06-24,United Kingdom,Europe,11762
2019-07-01,United States,North America,24389
2019-07-01,United Kingdom,Europe,11572
2019-07-01,Russia,Europe,8107
2019-07-08,United States,North America,28656
2019-07-08,United Kingdom,Europe,19814
2019-07-08,Russia,Europe,7629
2019-07-15,United States,North America,33139
2019-07-15,United Kingdom,Europe,19895
2019-07-15,Iran,Asia,11188
2019-07-22,United States,North America,34789
2019-07-22,United Kingdom,Europe,18159
2019-07-22,Russia,Europe,16651
2019-07-29,United States,North America,57325
2019-07-29,United Kingdom,Europe,13281
2019-07-29,Russia,Europe,12861
2019-08-05,United States,North America,62817
2019-08-05,United Kingdom,Europe,14588
2019-08-05,Russia,Europe,9615
2019-08-12,United States,North America,33921
2019-08-12,United Kingdom,Europe,16728
2019-08-12,Israel,Asia,9071
2019-08-19,United States,North America,34223
2019-08-19,United Kingdom,Europe,11219
2019-08-19,Russia,Europe,8693
2019-08-26,United States,North America,37850
2019-08-26,United Kingdom,Europe,16449
2019-08-26,Israel,Asia,8631
2019-09-02,United States,North America,40153
2019-09-02,United Kingdom,Europe,17214
2019-09-02,Russia,Europe,9018
2019-09-09,United States,North America,32341
2019-09-09,United Kingdom,Europe,17155
2019-09-09,Iran,Asia,7596
2019-09-16,United States,North America,29266
2019-09-16,United Kingdom,Europe,12277
2019-09-16,Iran,Asia,12057
2019-09-23,United States,North America,29645
2019-09-23,United Kingdom,Europe,15558
2019-09-23,Ukraine,Europe,7072
2019-09-30,United States,North America,32925
2019-09-30,United Kingdom,Europe,12398
2019-09-30,Iraq,Asia,11277
2019-10-07,United States,North America,36180
2019-10-07,Turkey,Asia,34988
2019-10-07,Syria,Asia,22803
2019-10-14,United States,North America,32729
2019-10-14,Turkey,Asia,26397
2019-10-14,Syria,Asia,19527
2019-10-21,United States,North America,27938
2019-10-21,United Kingdom,Europe,24219
2019-10-21,Syria,Asia,13870
2019-10-28,United States,North America,32625
2019-10-28,United Kingdom,Europe,13465
2019-10-28,Syria,Asia,9644
2019-11-04,United States,North America,31133
2019-11-04,United Kingdom,Europe,13832
2019-11-04,Australia,Oceania,9548
2019-11-11,United States,North America,29947
2019-11-11,Israel,Asia,19485
2019-11-11,United Kingdom,Europe,14022
2019-11-18,United States,North America,28836
2019-11-18,United Kingdom,Europe,18670
2019-11-18,Israel,Asia,8604
2019-11-25,United Kingdom,Europe,33406
2019-11-25,United States,North America,23637
2019-11-25,Iraq,Asia,8207
2019-12-02,United States,North America,32235
2019-12-02,United Kingdom,Europe,24163
2019-12-02,Russia,Europe,9671
2019-12-09,United States,North America,30390
2019-12-09,United Kingdom,Europe,17983
2019-12-09,Russia,Europe,9529
2019-12-16,United States,North America,31185
2019-12-16,United Kingdom,Europe,22438
2019-12-16,India,Asia,14845
2019-12-23,United States,North America,22791
2019-12-23,Russia,Europe,8141
2019-12-23,United Kingdom,Europe,7845
2019-12-30,United States,North America,13516
2019-12-30,Iraq,Asia,10040
2019-12-30,Iran,Asia,5862
2020-01-06,Iran,Asia,76360
2020-01-06,United States,North America,46531
2020-01-06,Iraq,Asia,29581
2020-01-13,United States,North America,27705
2020-01-13,Iran,Asia,20846
2020-01-13,United Kingdom,Europe,13299
2020-01-20,United States,North America,28850
2020-01-20,United Kingdom,Europe,15288
2020-01-20,China,Asia,9345
2020-01-27,China,Asia,32479
2020-01-27,United States,North America,29811
2020-01-27,United Kingdom,Europe,23883
2020-02-03,United States,North America,37064
2020-02-03,United Kingdom,Europe,24208
2020-02-03,China,Asia,19268
2020-02-10,United States,North America,27342
2020-02-10,United Kingdom,Europe,16644
2020-02-10,China,Asia,11308
2020-02-17,United States,North America,24999
2020-02-17,United Kingdom,Europe,17424
2020-02-17,China,Asia,11378
2020-02-24,United States,North America,37323
2020-02-24,Syria,Asia,14833
2020-02-24,Turkey,Asia,14384
2020-03-02,United States,North America,24158
2020-03-02,United Kingdom,Europe,14671
2020-03-02,Turkey,Asia,14467
2020-03-09,United States,North America,32821
2020-03-09,United Kingdom,Europe,19774
2020-03-09,Iraq,Asia,11312
2020-03-16,United States,North America,21148
2020-03-16,United Kingdom,Europe,15810
2020-03-16,Australia,Oceania,8343
2020-03-23,United States,North America,18356
2020-03-23,United Kingdom,Europe,12086
2020-03-23,Australia,Oceania,6613
2020-03-30,United States,North America,17381
2020-03-30,United Kingdom,Europe,10533
2020-03-30,Russia,Europe,6442
2020-04-06,United States,North America,19752
2020-04-06,United Kingdom,Europe,13084
2020-04-06,Australia,Oceania,8392
2020-04-13,United States,North America,16377
2020-04-13,United Kingdom,Europe,7705
2020-04-13,China,Asia,5392
2020-04-20,United States,North America,13975
2020-04-20,Canada,North America,9246
2020-04-20,United Kingdom,Europe,8759
2020-04-27,United States,North America,17606
2020-04-27,United Kingdom,Europe,10198
2020-04-27,China,Asia,5698
2020-05-04,United States,North America,19567
2020-05-04,United Kingdom,Europe,10425
2020-05-04,Australia,Oceania,6153
2020-05-11,United States,North America,17421
2020-05-11,United Kingdom,Europe,9483
2020-05-11,Australia,Oceania,6699
2020-05-18,United States,North America,16746
2020-05-18,United Kingdom,Europe,10325
2020-05-18,China,Asia,6271
2020-05-25,United States,North America,50422
2020-05-25,United Kingdom,Europe,7835
2020-05-25,China,Asia,6841
2020-06-01,United States,North America,68443
2020-06-01,United Kingdom,Europe,14525
2020-06-01,Germany,Europe,8179
2020-06-08,United States,North America,32780
2020-06-08,United Kingdom,Europe,16726
2020-06-08,Russia,Europe,5960
2020-06-15,United States,North America,30179
2020-06-15,China,Asia,11192
2020-06-15,United Kingdom,Europe,10118
2020-06-22,United States,North America,29027
2020-06-22,United Kingdom,Europe,11067
2020-06-22,Australia,Oceania,6085
2020-06-29,United States,North America,26278
2020-06-29,United Kingdom,Europe,12862
2020-06-29,China,Asia,7077
2020-07-06,United States,North America,21139
2020-07-06,United Kingdom,Europe,9610
2020-07-06,Russia,Europe,8461
2020-07-13,United States,North America,29645
2020-07-13,United Kingdom,Europe,14087
2020-07-13,Australia,Oceania,8099
2020-07-20,United States,North America,26109
2020-07-20,China,Asia,11133
2020-07-20,United Kingdom,Europe,9515
2020-07-27,United States,North America,18664
2020-07-27,United Kingdom,Europe,8542
2020-07-27,Australia,Oceania,8502
2020-08-03,United States,North America,19294
2020-08-03,Lebanon,Asia,12409
2020-08-03,China,Asia,8472
2020-08-10,United States,North America,20792
2020-08-10,Belarus,Europe,13232
2020-08-10,Russia,Europe,7578
2020-08-17,United States,North America,26844
2020-08-17,United Kingdom,Europe,10236
2020-08-17,Russia,Europe,10186
2020-08-24,United States,North America,44495
2020-08-24,Australia,Oceania,8595
2020-08-24,United Kingdom,Europe,8327
2020-08-31,United States,North America,30748
2020-08-31,United Kingdom,Europe,10795
2020-08-31,Russia,Europe,8790
2020-09-07,United States,North America,26013
2020-09-07,United Kingdom,Europe,10189
2020-09-07,Russia,Europe,8287
2020-09-14,United States,North America,25272
2020-09-14,United Kingdom,Europe,10376
2020-09-14,Russia,Europe,8242
2020-09-21,United States,North America,29401
2020-09-21,United Kingdom,Europe,16970
2020-09-21,Russia,Europe,6738
2020-09-28,United States,North America,21433
2020-09-28,Armenia,Asia,10521
2020-09-28,Azerbaijan,Asia,10033
2020-10-05,United States,North America,15185
2020-10-05,United Kingdom,Europe,8265
2020-10-05,Russia,Europe,7267
2020-10-12,United States,North America,12043
2020-10-12,United Kingdom,Europe,9935
2020-10-12,France,Europe,6433
2020-10-19,United States,North America,11608
2020-10-19,United Kingdom,Europe,5168
2020-10-19,France,Europe,4408
2020-10-26,United States,North America,10539
2020-10-26,France,Europe,8678
2020-10-26,Russia,Europe,3678
2020-11-02,United States,North America,14698
2020-11-02,Austria,Europe,4613
2020-11-02,United Kingdom,Europe,3941
2020-11-09,United States,North America,5363
2020-11-09,United Kingdom,Europe,3040
2020-11-09,Russia,Europe,2884
2020-11-16,United States,North America,17171
2020-11-16,United Kingdom,Europe,7889
2020-11-16,Russia,Europe,5296
2020-11-23,United States,North America,16091
2020-11-23,United Kingdom,Europe,13314
2020-11-23,Iran,Asia,9170
2020-11-30,United States,North America,16728
2020-11-30,United Kingdom,Europe,10342
2020-11-30,Russia,Europe,6633
2020-12-07,United States,North America,20839
2020-12-07,United Kingdom,Europe,12024
2020-12-07,Russia,Europe,8427
2020-12-14,United Kingdom,Europe,21624
2020-12-14,United States,North America,18348
2020-12-14,Russia,Europe,7125
2020-12-21,United Kingdom,Europe,22232
2020-12-21,United States,North America,15235
2020-12-21,Russia,Europe,8471
2020-12-28,United Kingdom,Europe,15217
2020-12-28,United States,North America,13075
2020-12-28,China,Asia,5602
2021-01-04,United States,North America,53708
2021-01-04,United Kingdom,Europe,15870
2021-01-04,China,Asia,4777
2021-01-11,United States,North America,42174
2021-01-11,United Kingdom,Europe,12616
2021-01-11,Russia,Europe,6172
2021-01-18,United States,North America,25625
2021-01-18,Russia,Europe,17649
2021-01-18,United Kingdom,Europe,9185
2021-01-25,United States,North America,20235
2021-01-25,Russia,Europe,15634
2021-01-25,United Kingdom,Europe,13444
2021-02-01,United States,North America,21252
2021-02-01,Russia,Europe,11573
2021-02-01,United Kingdom,Europe,9930
2021-02-08,United States,North America,26568
2021-02-08,United Kingdom,Europe,10032
2021-02-08,Russia,Europe,6952
2021-02-15,United States,North America,14797
2021-02-15,United Kingdom,Europe,9522
2021-02-15,Australia,Oceania,7573
2021-02-22,United States,North America,18297
2021-02-22,United Kingdom,Europe,9233
2021-02-22,Australia,Oceania,6396
2021-03-01,United States,North America,17923
2021-03-01,United Kingdom,Europe,11707
2021-03-01,Myanmar,Asia,9344
2021-03-08,United Kingdom,Europe,18598
2021-03-08,United States,North America,16455
2021-03-08,Myanmar,Asia,6620
2021-03-15,United States,North America,21585
2021-03-15,United Kingdom,Europe,14116
2021-03-15,Australia,Oceania,7648
2021-03-22,United States,North America,27671
2021-03-22,United Kingdom,Europe,12899
2021-03-22,Myanmar,Asia,6225
2021-03-29,United States,North America,23365
2021-03-29,United Kingdom,Europe,12090
2021-03-29,Russia,Europe,7876
2021-04-05,United States,North America,19965
2021-04-05,United Kingdom,Europe,17460
2021-04-05,Russia,Europe,8365
2021-04-12,United States,North America,36111
2021-04-12,Russia,Europe,14953
2021-04-12,United Kingdom,Europe,11086
2021-04-19,United States,North America,41306
2021-04-19,Russia,Europe,15157
2021-04-19,United Kingdom,Europe,11011
2021-04-26,United States,North America,22696
2021-04-26,United Kingdom,Europe,10957
2021-04-26,Russia,Europe,9143
2021-05-03,United States,North America,17385
2021-05-03,Israel,Asia,14641
2021-05-03,United Kingdom,Europe,11317
2021-05-10,Israel,Asia,134452
2021-05-10,United States,North America,19118
2021-05-10,United Kingdom,Europe,10789
2021-05-17,Israel,Asia,62016
2021-05-17,United States,North America,16535
2021-05-17,United Kingdom,Europe,9463
2021-05-24,United States,North America,24013
2021-05-24,Israel,Asia,11538
2021-05-24,Belarus,Europe,11226
2021-05-31,United States,North America,14552
2021-05-31,United Kingdom,Europe,8488
2021-05-31,Russia,Europe,6754
2021-06-07,United States,North America,11677
2021-06-07,United Kingdom,Europe,11509
2021-06-07,Russia,Europe,7129
2021-06-14,United States,North America,14028
2021-06-14,Russia,Europe,7767
2021-06-14,Israel,Asia,7289
2021-06-21,United States,North America,25504
2021-06-21,United Kingdom,Europe,10862
2021-06-21,Russia,Europe,10092
2021-06-28,United States,North America,17008
2021-06-28,United Kingdom,Europe,8166
2021-06-28,Russia,Europe,6216
2021-07-05,United States,North America,17776
2021-07-05,United Kingdom,Europe,11101
2021-07-05,Haiti,North America,10447
2021-07-12,United States,North America,16902
2021-07-12,United Kingdom,Europe,7884
2021-07-12,South Africa,Africa,5899
2021-07-19,United States,North America,23983
2021-07-19,United Kingdom,Europe,6730
2021-07-19,Russia,Europe,4935
2021-07-26,United States,North America,16210
2021-07-26,United Kingdom,Europe,8245
2021-07-26,Russia,Europe,4937
2021-08-02,United States,North America,14521
2021-08-02,Afghanistan,Asia,10612
2021-08-02,United Kingdom,Europe,7740
2021-08-09,United States,North America,16841
2021-08-09,Afghanistan,Asia,14721
2021-08-09,United Kingdom,Europe,9604
2021-08-16,Afghanistan,Asia,25873
2021-08-16,United States,North America,15203
2021-08-16,United Kingdom,Europe,8795
2021-08-23,Afghanistan,Asia,32648
2021-08-23,United States,North America,25584
2021-08-23,United Kingdom,Europe,12926
2021-08-30,United States,North America,23488
2021-08-30,Afghanistan,Asia,18148
2021-08-30,United Kingdom,Europe,9327
2021-09-06,United States,North America,20537
2021-09-06,Afghanistan,Asia,11205
2021-09-06,United Kingdom,Europe,7775
2021-09-13,United States,North America,17485
2021-09-13,United Kingdom,Europe,8925
2021-09-13,Russia,Europe,5940
2021-09-20,United States,North America,19992
2021-09-20,United Kingdom,Europe,16187
2021-09-20,Russia,Europe,9280
2021-09-27,United Kingdom,Europe,20772
2021-09-27,United States,North America,16488
2021-09-27,Russia,Europe,5807
2021-10-04,United States,North America,22329
2021-10-04,United Kingdom,Europe,10648
2021-10-04,Russia,Europe,6815
2021-10-11,United Kingdom,Europe,17167
2021-10-11,United States,North America,15654
2021-10-11,Russia,Europe,5166
2021-10-18,United States,North America,23932
2021-10-18,United Kingdom,Europe,12217
2021-10-18,Russia,Europe,7570
2021-10-25,United States,North America,18928
2021-10-25,United Kingdom,Europe,11977
2021-10-25,Sudan,Africa,6545
2021-11-01,United States,North America,18573
2021-11-01,United Kingdom,Europe,12713
2021-11-01,Russia,Europe,5659
2021-11-08,United States,North America,17772
2021-11-08,United Kingdom,Europe,9511
2021-11-08,Russia,Europe,6586
2021-11-15,United States,North America,28431
2021-11-15,United Kingdom,Europe,10969
2021-11-15,Russia,Europe,6815
2021-11-22,United States,North America,18078
2021-11-22,United Kingdom,Europe,12148
2021-11-22,Russia,Europe,5983
2021-11-29,United States,North America,21628
2021-11-29,Russia,Europe,8057
2021-11-29,United Kingdom,Europe,7839
2021-12-06,United States,North America,21739
2021-12-06,United Kingdom,Europe,12370
2021-12-06,Russia,Europe,8132
2021-12-13,United States,North America,17209
2021-12-13,Russia,Europe,9578
2021-12-13,United Kingdom,Europe,8841
2021-12-20,United States,North America,17561
2021-12-20,Russia,Europe,7861
2021-12-20,United Kingdom,Europe,6433
2021-12-27,United States,North America,17563
2021-12-27,United Kingdom,Europe,10162
2021-12-27,Russia,Europe,7018
2022-01-03,United States,North America,19353
2022-01-03,Kazakhstan,Asia,8477
2022-01-03,United Kingdom,Europe,7909
2022-01-10,United States,North America,23400
2022-01-10,Russia,Europe,9597
2022-01-10,United Kingdom,Europe,7390
2022-01-17,United States,North America,18163
2022-01-17,Russia,Europe,12014
2022-01-17,United Kingdom,Europe,8775
2022-01-24,United States,North America,21726
2022-01-24,Russia,Europe,15382
2022-01-24,United Kingdom,Europe,13450
2022-01-31,United States,North America,15824
2022-01-31,Russia,Europe,14634
2022-01-31,United Kingdom,Europe,11547
2022-02-07,Russia,Europe,23273
2022-02-07,Ukraine,Europe,14082
2022-02-07,United States,North America,13854
2022-02-14,Russia,Europe,26931
2022-02-14,Ukraine,Europe,26068
2022-02-14,United States,North America,19132
2022-02-21,Russia,Europe,98899
2022-02-21,Ukraine,Europe,85161
2022-02-21,United States,North America,14906
2022-02-28,Russia,Europe,81051
2022-02-28,Ukraine,Europe,67552
2022-02-28,United States,North America,13364
2022-03-07,Russia,Europe,61921
2022-03-07,Ukraine,Europe,48306
2022-03-07,United States,North America,18997
2022-03-14,Russia,Europe,53356
2022-03-14,Ukraine,Europe,47993
2022-03-14,United States,North America,14186
2022-03-21,Russia,Europe,46002
2022-03-21,Ukraine,Europe,35438
2022-03-21,United States,North America,13633
2022-03-28,Russia,Europe,36097
2022-03-28,Ukraine,Europe,35573
2022-03-28,United States,North America,15383
2022-04-04,Russia,Europe,47962
2022-04-04,Ukraine,Europe,39010
2022-04-04,United States,North America,18281
2022-04-11,Ukraine,Europe,36405
2022-04-11,Russia,Europe,35341
2022-04-11,United States,North America,18238
2022-04-18,Ukraine,Europe,36990
2022-04-18,Russia,Europe,33456
2022-04-18,United States,North America,18701
2022-04-25,Ukraine,Europe,37797
2022-04-25,Russia,Europe,35554
2022-04-25,United States,North America,16792
2022-05-02,Ukraine,Europe,34937
2022-05-02,Russia,Europe,32300
2022-05-02,United States,North America,15904
2022-05-09,Ukraine,Europe,27931
2022-05-09,United States,North America,25964
2022-05-09,Russia,Europe,25821
2022-05-16,Ukraine,Europe,26996
2022-05-16,Russia,Europe,24793
2022-05-16,United States,North America,15643
2022-05-23,United States,North America,36636
2022-05-23,Ukraine,Europe,29742
2022-05-23,Russia,Europe,22491
2022-05-30,Ukraine,Europe,30698
2022-05-30,United States,North America,24606
2022-05-30,Russia,Europe,23734
2022-06-06,United States,North America,25969
2022-06-06,Ukraine,Europe,24342
2022-06-06,Russia,Europe,21241
2022-06-13,United States,North America,18714
2022-06-13,Ukraine,Europe,17352
2022-06-13,Russia,Europe,16695
2022-06-20,United States,North America,18913
2022-06-20,Russia,Europe,17039
2022-06-20,Ukraine,Europe,15417
2022-06-27,Russia,Europe,23625
2022-06-27,United States,North America,19570
2022-06-27,Ukraine,Europe,17452
2022-07-04,United States,North America,18796
2022-07-04,Russia,Europe,16847
2022-07-04,Ukraine,Europe,14060
2022-07-11,Russia,Europe,20821
2022-07-11,United States,North America,20051
2022-07-11,Ukraine,Europe,15865
2022-07-18,United States,North America,18524
2022-07-18,Russia,Europe,15151
2022-07-18,Ukraine,Europe,13806
2022-07-25,United States,North America,16475
2022-07-25,Russia,Europe,16045
2022-07-25,Ukraine,Europe,14350
2022-08-01,Israel,Asia,30425
2022-08-01,United States,North America,19146
2022-08-01,Russia,Europe,15210
2022-08-08,United States,North America,28115
2022-08-08,Russia,Europe,14551
2022-08-08,Israel,Asia,13839
2022-08-15,United States,North America,16395
2022-08-15,Russia,Europe,15372
2022-08-15,Ukraine,Europe,12184
2022-08-22,Russia,Europe,18391
2022-08-22,United States,North America,15584
2022-08-22,Ukraine,Europe,13983
2022-08-29,Russia,Europe,15268
2022-08-29,United States,North America,14254
2022-08-29,Ukraine,Europe,12139
2022-09-05,Russia,Europe,13760
2022-09-05,United States,North America,12638
2022-09-05,Ukraine,Europe,12308
2022-09-12,Russia,Europe,15555
2022-09-12,Ukraine,Europe,15454
2022-09-12,United States,North America,12501
2022-09-19,Russia,Europe,18278
2022-09-19,Ukraine,Europe,12989
2022-09-19,United States,North America,12749
2022-09-26,Russia,Europe,18870
2022-09-26,United States,North America,14083
2022-09-26,Ukraine,Europe,12642
2022-10-03,United States,North America,17724
2022-10-03,Russia,Europe,16250
2022-10-03,Ukraine,Europe,14778
2022-10-10,Russia,Europe,25031
2022-10-10,Ukraine,Europe,22147
2022-10-10,United States,North America,17307
2022-10-17,Russia,Europe,22117
2022-10-17,Ukraine,Europe,20776
2022-10-17,United States,North America,16457
2022-10-24,United States,North America,17353
2022-10-24,Russia,Europe,14169
2022-10-24,Ukraine,Europe,12342
2022-10-31,United States,North America,16082
2022-10-31,Russia,Europe,15062
2022-10-31,Ukraine,Europe,13416
2022-11-07,United States,North America,14998
2022-11-07,Russia,Europe,12408
2022-11-07,Ukraine,Europe,10716
2022-11-14,Russia,Europe,23312
2022-11-14,Ukraine,Europe,20709
2022-11-14,United States,North America,15555
2022-11-21,Russia,Europe,14737
2022-11-21,Ukraine,Europe,14436
2022-11-21,United States,North America,13693
2022-11-28,United States,North America,15864
2022-11-28,Russia,Europe,13954
2022-11-28,Ukraine,Europe,11617
2022-12-05,Russia,Europe,18109
2022-12-05,United States,North America,17957
2022-12-05,Ukraine,Europe,12801
2022-12-12,United States,North America,18073
2022-12-12,Russia,Europe,16736
2022-12-12,Ukraine,Europe,12589
2022-12-19,United States,North America,16022
2022-12-19,Russia,Europe,14462
2022-12-19,Ukraine,Europe,11592
2022-12-26,Russia,Europe,18090
2022-12-26,Ukraine,Europe,17460
2022-12-26,United States,North America,13035
2023-01-02,United States,North America,18900
2023-01-02,Ukraine,Europe,17423
2023-01-02,Russia,Europe,16965
2023-01-09,Ukraine,Europe,21979
2023-01-09,Russia,Europe,20371
2023-01-09,United States,North America,16658
2023-01-16,United States,North America,21569
2023-01-16,Russia,Europe,18062
2023-01-16,Ukraine,Europe,17903
2023-01-23,United States,North America,27987
2023-01-23,Israel,Asia,27529
2023-01-23,Ukraine,Europe,20409
2023-01-30,United States,North America,21417
2023-01-30,Russia,Europe,20232
2023-01-30,Ukraine,Europe,18256
2023-02-06,United States,North America,18149
2023-02-06,Russia,Europe,17719
2023-02-06,Ukraine,Europe,16659
2023-02-13,Russia,Europe,20267
2023-02-13,United States,North America,18251
2023-02-13,Ukraine,Europe,17404
2023-02-20,Russia,Europe,22572
2023-02-20,Ukraine,Europe,19838
2023-02-20,United States,North America,19087
2023-02-27,Russia,Europe,18607
2023-02-27,United States,North America,17025
2023-02-27,Ukraine,Europe,17020
2023-03-06,Ukraine,Europe,20525
2023-03-06,Russia,Europe,20107
2023-03-06,United States,North America,18257
2023-03-13,Russia,Europe,22103
2023-03-13,Ukraine,Europe,18305
2023-03-13,United States,North America,13993
2023-03-20,Russia,Europe,12945
2023-03-20,United States,North America,11622
2023-03-20,Ukraine,Europe,9134
2023-03-27,United States,North America,36920
2023-03-27,Russia,Europe,27174
2023-03-27,Ukraine,Europe,19333
2023-04-03,Israel,Asia,56232
2023-04-03,Russia,Europe,27408
2023-04-03,United States,North America,25883
2023-04-10,United States,North America,27206
2023-04-10,Russia,Europe,23170
2023-04-10,Ukraine,Europe,17587
2023-04-17,United States,North America,27075
2023-04-17,Sudan,Africa,19659
2023-04-17,Russia,Europe,19297
2023-04-24,Sudan,Africa,24107
2023-04-24,Russia,Europe,22411
2023-04-24,United States,North America,22057
2023-05-01,Russia,Europe,26908
2023-05-01,United States,North America,24216
2023-05-01,Ukraine,Europe,23860
2023-05-08,Israel,Asia,36650
2023-05-08,United States,North America,26808
2023-05-08,Russia,Europe,22189
2023-05-15,Ukraine,Europe,25573
2023-05-15,Russia,Europe,24643
2023-05-15,United States,North America,19562
2023-05-22,Russia,Europe,21593
2023-05-22,United States,North America,19784
2023-05-22,Ukraine,Europe,19352
2023-05-29,Russia,Europe,28437
2023-05-29,Ukraine,Europe,24965
2023-05-29,United States,North America,17619
2023-06-05,Ukraine,Europe,24036
2023-06-05,United States,North America,21206
2023-06-05,Russia,Europe,20275
2023-06-12,Ukraine,Europe,21982
2023-06-12,Russia,Europe,20073
2023-06-12,United States,North America,19672
2023-06-19,Russia,Europe,35820
2023-06-19,Ukraine,Europe,20840
2023-06-19,Israel,Asia,18737
2023-06-26,Russia,Europe,23475
2023-06-26,Ukraine,Europe,18888
2023-06-26,United States,North America,17207
2023-07-03,Israel,Asia,22557
2023-07-03,Russia,Europe,17936
2023-07-03,Ukraine,Europe,16894
2023-07-10,Russia,Europe,22112
2023-07-10,United States,North America,21010
2023-07-10,Ukraine,Europe,19996
2023-07-17,Russia,Europe,21714
2023-07-17,United States,North America,21539
2023-07-17,Ukraine,Europe,21372
2023-07-24,Russia,Europe,21154
2023-07-24,United States,North America,20443
2023-07-24,Ukraine,Europe,20404
2023-07-31,Russia,Europe,26598
2023-07-31,United States,North America,26384
2023-07-31,Ukraine,Europe,21693
2023-08-07,United States,North America,23685
2023-08-07,Russia,Europe,19963
2023-08-07,Ukraine,Europe,19195
2023-08-14,United States,North America,28119
2023-08-14,Russia,Europe,22250
2023-08-14,Ukraine,Europe,18296
2023-08-21,United States,North America,32017
2023-08-21,Russia,Europe,24632
2023-08-21,Ukraine,Europe,20616
2023-08-28,United States,North America,20639
2023-08-28,Russia,Europe,19410
2023-08-28,Ukraine,Europe,17908
2023-09-04,Ukraine,Europe,19564
2023-09-04,Russia,Europe,19282
2023-09-04,United States,North America,17007
2023-09-11,United States,North America,19501
2023-09-11,Russia,Europe,17166
2023-09-11,Ukraine,Europe,16714
2023-09-18,United States,North America,19647
2023-09-18,Ukraine,Europe,18878
2023-09-18,Russia,Europe,18187
2023-09-25,United States,North America,24370
2023-09-25,Ukraine,Europe,16425
2023-09-25,United Kingdom,Europe,16085
2023-10-02,Israel,Asia,68778
2023-10-02,United States,North America,18199
2023-10-02,United Kingdom,Europe,17356
2023-10-09,Israel,Asia,191760
2023-10-09,United States,North America,17194
2023-10-09,United Kingdom,Europe,15770
2023-10-16,Israel,Asia,130959
2023-10-16,United States,North America,21033
2023-10-16,United Kingdom,Europe,16230
2023-10-23,Israel,Asia,106960
2023-10-23,United States,North America,23761
2023-10-23,United Kingdom,Europe,14129
2023-10-30,Israel,Asia,118120
2023-10-30,United States,North America,18576
2023-10-30,United Kingdom,Europe,16381
2023-11-06,Israel,Asia,89900
2023-11-06,United States,North America,20199
2023-11-06,United Kingdom,Europe,13981
2023-11-13,Israel,Asia,64004
2023-11-13,United States,North America,20377
2023-11-13,United Kingdom,Europe,12898
2023-11-20,Israel,Asia,67685
2023-11-20,United States,North America,18503
2023-11-20,Ukraine,Europe,13108
2023-11-27,Israel,Asia,58903
2023-11-27,United States,North America,20760
2023-11-27,United Kingdom,Europe,13045
2023-12-04,Israel,Asia,50636
2023-12-04,United States,North America,22419
2023-12-04,Australia,Oceania,12505
2023-12-11,Israel,Asia,44080
2023-12-11,United States,North America,19472
2023-12-11,Ukraine,Europe,12770
2023-12-18,Israel,Asia,38390
2023-12-18,United States,North America,21649
2023-12-18,Russia,Europe,12509
2023-12-25,Israel,Asia,42575
2023-12-25,Russia,Europe,22499
2023-12-25,Ukraine,Europe,21053
2024-01-01,Israel,Asia,40555
2024-01-01,United States,North America,23372
2024-01-01,Ukraine,Europe,15993
2024-01-08,Israel,Asia,41300
2024-01-08,United States,North America,21037
2024-01-08,United Kingdom,Europe,17909
2024-01-15,Israel,Asia,34718
2024-01-15,United States,North America,20422
2024-01-15,Russia,Europe,15179
2024-01-22,Israel,Asia,31443
2024-01-22,United States,North America,24234
2024-01-22,Russia,Europe,15438
2024-01-29,Israel,Asia,30072
2024-01-29,United States,North America,22444
2024-01-29,United Kingdom,Europe,18043
2024-02-05,Israel,Asia,29956
2024-02-05,United States,North America,22436
2024-02-05,Ukraine,Europe,13412
2024-02-12,Israel,Asia,35056
2024-02-12,Russia,Europe,22456
2024-02-12,United States,North America,20844
2024-02-19,Russia,Europe,32235
2024-02-19,Israel,Asia,28946
2024-02-19,Ukraine,Europe,19655
2024-02-26,Israel,Asia,33019
2024-02-26,United States,North America,22337
2024-02-26,Russia,Europe,19739
2024-03-04,Israel,Asia,22068
2024-03-04,United States,North America,21689
2024-03-04,Russia,Europe,16638
2024-03-11,Israel,Asia,23259
2024-03-11,Russia,Europe,22703
2024-03-11,United States,North America,21616
2024-03-18,Russia,Europe,38187
2024-03-18,Israel,Asia,25999
2024-03-18,United States,North America,25072
2024-03-25,Israel,Asia,28045
2024-03-25,Russia,Europe,22717
2024-03-25,United States,North America,17182
2024-04-01,Israel,Asia,45474
2024-04-01,Russia,Europe,16861
2024-04-01,United States,North America,16351
2024-04-08,Israel,Asia,40373
2024-04-08,United States,North America,22800
2024-04-08,Iran,Asia,20246
2024-04-15,Israel,Asia,41083
2024-04-15,Iran,Asia,23121
2024-04-15,United States,North America,18988
2024-04-22,United States,North America,31339
2024-04-22,Israel,Asia,28237
2024-04-22,Russia,Europe,14680
2024-04-29,Israel,Asia,31750
2024-04-29,United States,North America,26495
2024-04-29,Russia,Europe,14190
2024-05-06,Israel,Asia,44058
2024-05-06,Russia,Europe,18034
2024-05-06,United States,North America,16348
2024-05-13,Israel,Asia,32909
2024-05-13,Russia,Europe,22396
2024-05-13,Ukraine,Europe,19455
2024-05-20,Israel,Asia,41690
2024-05-20,Russia,Europe,17024
2024-05-20,United States,North America,16013
2024-05-27,Israel,Asia,39077
2024-05-27,United States,North America,33160
2024-05-27,Russia,Europe,15275
2024-06-03,Israel,Asia,31026
2024-06-03,United States,North America,17049
2024-06-03,Russia,Europe,13618
2024-06-10,Israel,Asia,24335
2024-06-10,United States,North America,18909
2024-06-10,Russia,Europe,13629
2024-06-17,United States,North America,19664
2024-06-17,Israel,Asia,19092
2024-06-17,Russia,Europe,17756
2024-06-24,United States,North America,19453
2024-06-24,Israel,Asia,16998
2024-06-24,United Kingdom,Europe,16616
2024-07-01,Israel,Asia,21194
2024-07-01,United States,North America,17117
2024-07-01,United Kingdom,Europe,11801
2024-07-08,United States,North America,38445
2024-07-08,Israel,Asia,22852
2024-07-08,Russia,Europe,17882
2024-07-15,United States,North America,28546
2024-07-15,Israel,Asia,23901
2024-07-15,Russia,Europe,14169
2024-07-22,United States,North America,25325
2024-07-22,Israel,Asia,21537
2024-07-22,United Kingdom,Europe,11677
2024-07-29,Israel,Asia,37914
2024-07-29,United Kingdom,Europe,30480
2024-07-29,Russia,Europe,18594
2024-08-05,Israel,Asia,28923
2024-08-05,United Kingdom,Europe,22466
2024-08-05,Russia,Europe,20023
2024-08-12,Israel,Asia,28317
2024-08-12,Russia,Europe,24272
2024-08-12,Ukraine,Europe,24031
2024-08-19,Israel,Asia,25571
2024-08-19,Russia,Europe,22932
2024-08-19,Ukraine,Europe,20861
2024-08-26,Israel,Asia,28626
2024-08-26,Russia,Europe,20564
2024-08-26,Ukraine,Europe,19589
2024-09-02,Israel,Asia,24438
2024-09-02,United States,North America,20012
2024-09-02,Russia,Europe,17073
2024-09-09,United States,North America,18658
2024-09-09,Israel,Asia,18403
2024-09-09,Russia,Europe,16981
2024-09-16,Israel,Asia,36401
2024-09-16,United States,North America,18770
2024-09-16,Russia,Europe,13145
2024-09-23,Israel,Asia,52936
2024-09-23,Lebanon,Asia,27724
2024-09-23,United States,North America,18689
2024-09-30,Israel,Asia,85428
2024-09-30,Lebanon,Asia,29905
2024-09-30,Iran,Asia,27247
2024-10-07,Israel,Asia,56203
2024-10-07,Lebanon,Asia,16384
2024-10-07,United States,North America,13176
2024-10-14,Israel,Asia,49556
2024-10-14,United States,North America,18330
2024-10-14,Russia,Europe,11779
2024-10-21,Israel,Asia,36128
2024-10-21,United States,North America,19299
2024-10-21,Russia,Europe,13460
2024-10-28,Israel,Asia,26534
2024-10-28,United States,North America,17250
2024-10-28,Russia,Europe,14385
2024-11-04,United States,North America,25714
2024-11-04,Israel,Asia,19033
2024-11-04,Russia,Europe,11319
2024-11-11,Israel,Asia,23483
2024-11-11,United States,North America,16522
2024-11-11,Russia,Europe,15944
2024-11-18,Russia,Europe,27641
2024-11-18,Israel,Asia,24450
2024-11-18,Ukraine,Europe,23670
2024-11-25,Israel,Asia,22981
2024-11-25,Russia,Europe,17182
2024-11-25,Ukraine,Europe,13701
2024-12-02,United States,North America,20452
2024-12-02,Syria,Asia,19663
2024-12-02,Israel,Asia,15454
2024-12-09,United States,North America,22964
2024-12-09,Syria,Asia,19818
2024-12-09,Israel,Asia,17937
2024-12-16,United States,North America,22600
2024-12-16,Russia,Europe,18629
2024-12-16,Ukraine,Europe,14939
2024-12-23,Russia,Europe,18737
2024-12-23,Israel,Asia,17525
2024-12-23,Ukraine,Europe,12294
2024-12-30,Israel,Asia,17478
2024-12-30,United States,North America,15239
2024-12-30,Russia,Europe,10327
2025-01-06,United States,North America,36593
2025-01-06,Israel,Asia,12271
2025-01-06,United Kingdom,Europe,11890
2025-01-13,Israel,Asia,23817
2025-01-13,United States,North America,18916
2025-01-13,Russia,Europe,13685
2025-01-20,United States,North America,27717
2025-01-20,Israel,Asia,21271
2025-01-20,United Kingdom,Europe,13079
2025-01-27,United States,North America,21300
2025-01-27,Israel,Asia,18279
2025-01-27,United Kingdom,Europe,13696
2025-02-03,Israel,Asia,21541
2025-02-03,United States,North America,16702
2025-02-03,Russia,Europe,11530
2025-02-10,Israel,Asia,16039
2025-02-10,United States,North America,15781
2025-02-10,Russia,Europe,12844
2025-02-17,Israel,Asia,24044
2025-02-17,United States,North America,23078
2025-02-17,Russia,Europe,13029
2025-02-24,United States,North America,16908
2025-02-24,Ukraine,Europe,15114
2025-02-24,Russia,Europe,13525
2025-03-03,Ukraine,Europe,21890
2025-03-03,United States,North America,19154
2025-03-03,Russia,Europe,16837
2025-03-10,United States,North America,23097
2025-03-10,Russia,Europe,20908
2025-03-10,Ukraine,Europe,15932
2025-03-17,Israel,Asia,36666
2025-03-17,United States,North America,19008
2025-03-17,Russia,Europe,15277
2025-03-24,United States,North America,20874
2025-03-24,Israel,Asia,17376
2025-03-24,Russia,Europe,15422
2025-03-31,United States,North America,18838
2025-03-31,Israel,Asia,16513
2025-03-31,Russia,Europe,13768
2025-04-07,United States,North America,18997
2025-04-07,Israel,Asia,15556
2025-04-07,United Kingdom,Europe,13393
2025-04-14,United States,North America,23620
2025-04-14,Russia,Europe,16244
2025-04-14,Israel,Asia,15850
2025-04-21,United States,North America,19895
2025-04-21,Russia,Europe,17577
2025-04-21,Ukraine,Europe,15063
2025-04-28,United States,North America,19894
2025-04-28,Israel,Asia,15149
2025-04-28,United Kingdom,Europe,12478
2025-05-05,Pakistan,Asia,21530
2025-05-05,United States,North America,17103
2025-05-05,Russia,Europe,15078
2025-05-12,United States,North America,16939
2025-05-12,Israel,Asia,15414
2025-05-12,Russia,Europe,12964
2025-05-19,Israel,Asia,25826
2025-05-19,United States,North America,20104
2025-05-19,Russia,Europe,15180
2025-05-26,Israel,Asia,19234
2025-05-26,Russia,Europe,16930
2025-05-26,United States,North America,16351
2025-06-02,United States,North America,28733
2025-06-02,Israel,Asia,21562
2025-06-02,Russia,Europe,18632
2025-06-09,United States,North America,37801
2025-06-09,Israel,Asia,34305
2025-06-09,Iran,Asia,20353
2025-06-30,Israel,Asia,15918
2025-06-30,United States,North America,11713
2025-06-30,Russia,Europe,10214
2025-07-07,Israel,Asia,18914
2025-07-07,United States,North America,16448
2025-07-07,Russia,Europe,13858
2025-07-14,Israel,Asia,19869
2025-07-14,United States,North America,17247
2025-07-14,Russia,Europe,13104
2025-07-21,Israel,Asia,18166
2025-07-21,United States,North America,17696
2025-07-21,United Kingdom,Europe,16882
2025-07-28,Israel,Asia,16456
2025-07-28,United States,North America,14966
2025-07-28,Russia,Europe,13541
2025-08-04,Israel,Asia,24502
2025-08-04,United States,North America,21143
2025-08-04,United Kingdom,Europe,16998
2025-08-11,United States,North America,20675
2025-08-11,Israel,Asia,19342
2025-08-11,Russia,Europe,12281
2025-08-18,United States,North America,22557
2025-08-18,Israel,Asia,17547
2025-08-18,Russia,Europe,14327
2025-08-25,Israel,Asia,28246
2025-08-25,United States,North America,23261
2025-08-25,Australia,Oceania,15407
2025-09-01,United States,North America,18384
2025-09-01,Israel,Asia,17597
2025-09-01,Ukraine,Europe,12895
2025-09-08,United States,North America,39964
2025-09-08,Israel,Asia,25900
2025-09-08,Russia,Europe,20039
2025-09-15,United States,North America,32777
2025-09-15,Israel,Asia,25049
2025-09-15,Russia,Europe,14844
2025-09-22,United States,North America,22655
2025-09-22,Israel,Asia,20013
2025-09-22,Russia,Europe,17109
2025-09-29,Israel,Asia,26695
2025-09-29,United States,North America,22776
2025-09-29,United Kingdom,Europe,15146
2025-10-06,Israel,Asia,29686
2025-10-06,United States,North America,22505
2025-10-06,United Kingdom,Europe,13341
2025-10-13,Israel,Asia,32247
2025-10-13,United States,North America,21574
2025-10-13,United Kingdom,Europe,12131
2025-10-20,United States,North America,24621
2025-10-20,United Kingdom,Europe,20897
2025-10-20,Russia,Europe,16487
2025-10-27,United States,North America,22715
2025-10-27,Israel,Asia,15359
2025-10-27,United Kingdom,Europe,14921
2025-11-03,United States,North America,21810
2025-11-03,United Kingdom,Europe,12415
2025-11-03,Russia,Europe,12096
2025-11-10,United States,North America,20782
2025-11-10,United Kingdom,Europe,11055
2025-11-10,Russia,Europe,10573
2025-11-17,United States,North America,17349
2025-11-17,Russia,Europe,13418
2025-11-17,Israel,Asia,13071
2025-11-24,United States,North America,20042
2025-11-24,Russia,Europe,12099
2025-11-24,Israel,Asia,11922
2025-12-01,United States,North America,27214
2025-12-01,Russia,Europe,12448
2025-12-01,Australia,Oceania,10236
2025-12-08,Australia,Oceania,23795
2025-12-08,United States,North America,17341
2025-12-08,Russia,Europe,12418
2025-12-15,Australia,Oceania,38515
2025-12-15,United States,North America,25070
2025-12-15,United Kingdom,Europe,13876
2025-12-22,Russia,Europe,13865
2025-12-22,United States,North America,12582
2025-12-22,United Kingdom,Europe,10965
2025-12-29,United States,North America,20781
2025-12-29,Venezuela,South America,17082
2025-12-29,Ukraine,Europe,11639
2026-01-05,United States,North America,30593
2026-01-05,Venezuela,South America,16331
2026-01-05,Australia,Oceania,12276
2026-01-12,United States,North America,13422
2026-01-12,Iran,Asia,12513
2026-01-12,Australia,Oceania,10043
